This is LuaHBTeX, Version 1.17.0 (TeX Live 2023/Debian)  (format=lualatex 2025.12.31)  31 MAR 2026 14:06
 restricted system commands enabled.
**constraint_before_completion-draft.tex
(./constraint_before_completion-draft.tex
LaTeX2e <2023-11-01> patch level 1
L3 programming layer <2024-01-22>
Lua module: luaotfload 2023-08-31 3.26 Lua based OpenType font support
Lua module: lualibs 2023-07-13 2.76 ConTeXt Lua standard libraries.
Lua module: lualibs-extended 2023-07-13 2.76 ConTeXt Lua libraries -- extended c
ollection.
luaotfload | conf : Root cache directory is "/home/flyxion/.texlive2023/texmf-va
r/luatex-cache/generic/names".
luaotfload | init : Loading fontloader "fontloader-2023-08-19.lua" from kpse-res
olved path "/usr/share/texlive/texmf-dist/tex/luatex/luaotfload/fontloader-2023-
08-19.lua".
Lua-only attribute luaotfload@noligature = 1
luaotfload | init : Context OpenType loader version 3.133
Inserting `luaotfload.node_processor' in `pre_linebreak_filter'.
Inserting `luaotfload.node_processor' in `hpack_filter'.
Inserting `luaotfload.glyph_stream' in `glyph_stream_provider'.
Inserting `luaotfload.define_font' in `define_font'.
Lua-only attribute luaotfload_color_attribute = 2
luaotfload | conf : Root cache directory is "/home/flyxion/.texlive2023/texmf-va
r/luatex-cache/generic/names".
Inserting `luaotfload.harf.strip_prefix' in `find_opentype_file'.
Inserting `luaotfload.harf.strip_prefix' in `find_truetype_file'.
Removing  `luaotfload.glyph_stream' from `glyph_stream_provider'.
Inserting `luaotfload.harf.glyphstream' in `glyph_stream_provider'.
Inserting `luaotfload.harf.finalize_vlist' in `post_linebreak_filter'.
Inserting `luaotfload.harf.finalize_hlist' in `hpack_filter'.
Inserting `luaotfload.cleanup_files' in `wrapup_run'.
Inserting `luaotfload.harf.finalize_unicode' in `finish_pdffile'.
Inserting `luaotfload.glyphinfo' in `glyph_info'.
Lua-only attribute luaotfload.letterspace_done = 3
Inserting `luaotfload.aux.set_sscale_dimens' in `luaotfload.patch_font'.
Inserting `luaotfload.aux.set_font_index' in `luaotfload.patch_font'.
Inserting `luaotfload.aux.patch_cambria_domh' in `luaotfload.patch_font'.
Inserting `luaotfload.aux.fixup_fontdata' in `luaotfload.patch_font_unsafe'.
Inserting `luaotfload.aux.set_capheight' in `luaotfload.patch_font'.
Inserting `luaotfload.aux.set_xheight' in `luaotfload.patch_font'.
Inserting `luaotfload.rewrite_fontname' in `luaotfload.patch_font'.
Inserting `tracingstacklevels' in `input_level_string'. (/usr/share/texlive/tex
mf-dist/tex/latex/base/article.cls
Document Class: article 2023/05/17 v1.4n Standard LaTeX document class
(/usr/share/texlive/texmf-dist/tex/latex/base/size12.clo
File: size12.clo 2023/05/17 v1.4n Standard LaTeX file (size option)
luaotfload | db : Font names database loaded from /home/flyxion/.texlive2023/tex
mf-var/luatex-cache/generic/names/luaotfload-names.luc.gz)
\c@part=\count185
\c@section=\count186
\c@subsection=\count187
\c@subsubsection=\count188
\c@paragraph=\count189
\c@subparagraph=\count190
\c@figure=\count191
\c@table=\count192
\abovecaptionskip=\skip48
\belowcaptionskip=\skip49
\bibindent=\dimen139
)
(/usr/share/texlive/texmf-dist/tex/latex/base/fontenc.sty
Package: fontenc 2021/04/29 v2.0v Standard LaTeX package
LaTeX Font Info:    Trying to load font information for T1+lmr on input line 11
2.

(/usr/share/texmf/tex/latex/lm/t1lmr.fd
File: t1lmr.fd 2015/05/01 v1.6.1 Font defs for Latin Modern
))
(/usr/share/texlive/texmf-dist/tex/latex/base/inputenc.sty
Package: inputenc 2021/02/14 v1.3d Input encoding file
\inpenc@prehook=\toks17
\inpenc@posthook=\toks18


Package inputenc Warning: inputenc package ignored with utf8 based engines.

) (/usr/share/texlive/texmf-dist/tex/latex/kpfonts/kpfonts.sty
Package: kpfonts  2023/01/18 v3.35

(/usr/share/texlive/texmf-dist/tex/generic/iftex/iftex.sty
Package: iftex 2022/02/03 v1.0f TeX engine tests
)
(/usr/share/texlive/texmf-dist/tex/latex/kpfonts-otf/kpfonts-otf.sty
Package: kpfonts-otf 2024-01-30 0.62
\KpMtoks=\toks19

(/usr/share/texlive/texmf-dist/tex/latex/fontspec/fontspec.sty
(/usr/share/texlive/texmf-dist/tex/latex/l3packages/xparse/xparse.sty
(/usr/share/texlive/texmf-dist/tex/latex/l3kernel/expl3.sty
Package: expl3 2024-01-22 L3 programming layer (loader) 

(/usr/share/texlive/texmf-dist/tex/latex/l3backend/l3backend-luatex.def
File: l3backend-luatex.def 2024-01-04 L3 backend support: PDF output (LuaTeX)
\l__color_backend_stack_int=\count193
Inserting `l3color' in `luaotfload.parse_color'.
\l__pdf_internal_box=\box51
))
Package: xparse 2023-10-10 L3 Experimental document command parser
)
Package: fontspec 2022/01/15 v2.8a Font selection for XeLaTeX and LuaLaTeX
Lua module: fontspec 2022/01/15 2.8a Font selection for XeLaTeX and LuaLaTeX
(/usr/share/texlive/texmf-dist/tex/latex/fontspec/fontspec-luatex.sty
Package: fontspec-luatex 2022/01/15 v2.8a Font selection for XeLaTeX and LuaLaT
eX
\l__fontspec_script_int=\count194
\l__fontspec_language_int=\count195
\l__fontspec_strnum_int=\count196
\l__fontspec_tmp_int=\count197
\l__fontspec_tmpa_int=\count198
\l__fontspec_tmpb_int=\count199
\l__fontspec_tmpc_int=\count266
\l__fontspec_em_int=\count267
\l__fontspec_emdef_int=\count268
\l__fontspec_strong_int=\count269
\l__fontspec_strongdef_int=\count270
\l__fontspec_tmpa_dim=\dimen140
\l__fontspec_tmpb_dim=\dimen141
\l__fontspec_tmpc_dim=\dimen142

(/usr/share/texlive/texmf-dist/tex/latex/base/fontenc.sty
Package: fontenc 2021/04/29 v2.0v Standard LaTeX package
)
(/usr/share/texlive/texmf-dist/tex/latex/fontspec/fontspec.cfg)))
(/usr/share/texlive/texmf-dist/tex/latex/realscripts/realscripts.sty
Package: realscripts 2016/02/13 v0.3d Access OpenType subscripts and superscrip
ts
\subsupersep=\dimen143
)
(/usr/share/texlive/texmf-dist/tex/latex/kpfonts-otf/KpRoman.fontspec)

Package fontspec Info: Font family 'KpRoman(0)' created for font 'KpRoman'
(fontspec)             with options [Extension = .otf,UprightFont =
(fontspec)             KpRoman-Regular,BoldFont = KpRoman-Bold,ItalicFont =
(fontspec)             KpRoman-Italic,BoldItalicFont =
(fontspec)             KpRoman-BoldItalic,SlantedFont =
(fontspec)             KpRoman-Regular,SlantedFeatures =
(fontspec)             {FakeSlant=0.19},BoldSlantedFont =
(fontspec)             KpRoman-Bold,BoldSlantedFeatures =
(fontspec)             {FakeSlant=0.19},SmallCapsFeatures =
(fontspec)             {Letters=PetiteCaps},Ligatures={Common,RequiredOff,RareO
ff,HistoricOff}].
(fontspec)              
(fontspec)              This font family consists of the following NFSS
(fontspec)             series/shapes:
(fontspec)              
(fontspec)             - 'normal' (m/n) with NFSS spec.:
(fontspec)             <->"[KpRoman-Regular.otf]:mode=node;script=latn;language
=dflt;+liga;-rlig;-dlig;-hlig;"
(fontspec)             - 'small caps'  (m/sc) with NFSS spec.:
(fontspec)             <->"[KpRoman-Regular.otf]:mode=node;script=latn;language
=dflt;+liga;-rlig;-dlig;-hlig;+pcap;"
(fontspec)             - 'bold' (b/n) with NFSS spec.:
(fontspec)             <->"[KpRoman-Bold.otf]:mode=node;script=latn;language=df
lt;+liga;-rlig;-dlig;-hlig;"
(fontspec)             - 'bold small caps'  (b/sc) with NFSS spec.:
(fontspec)             <->"[KpRoman-Bold.otf]:mode=node;script=latn;language=df
lt;+liga;-rlig;-dlig;-hlig;+pcap;"
(fontspec)             - 'italic' (m/it) with NFSS spec.:
(fontspec)             <->"[KpRoman-Italic.otf]:mode=node;script=latn;language=
dflt;+liga;-rlig;-dlig;-hlig;"
(fontspec)             - 'italic small caps'  (m/scit) with NFSS spec.:
(fontspec)             <->"[KpRoman-Italic.otf]:mode=node;script=latn;language=
dflt;+liga;-rlig;-dlig;-hlig;+pcap;"
(fontspec)             - 'slanted' (m/sl) with NFSS spec.:
(fontspec)             <->"[KpRoman-Regular.otf]:mode=node;script=latn;language
=dflt;slant=0.19;+liga;-rlig;-dlig;-hlig;"
(fontspec)             - 'slanted small caps'  (m/scsl) with NFSS spec.:
(fontspec)             <->"[KpRoman-Regular.otf]:mode=node;script=latn;language
=dflt;slant=0.19;+liga;-rlig;-dlig;-hlig;+pcap;"
(fontspec)             - 'bold italic' (b/it) with NFSS spec.:
(fontspec)             <->"[KpRoman-BoldItalic.otf]:mode=node;script=latn;langu
age=dflt;+liga;-rlig;-dlig;-hlig;"
(fontspec)             - 'bold italic small caps'  (b/scit) with NFSS spec.:
(fontspec)             <->"[KpRoman-BoldItalic.otf]:mode=node;script=latn;langu
age=dflt;+liga;-rlig;-dlig;-hlig;+pcap;"
(fontspec)             - 'bold slanted' (b/sl) with NFSS spec.:
(fontspec)             <->"[KpRoman-Bold.otf]:mode=node;script=latn;language=df
lt;slant=0.19;+liga;-rlig;-dlig;-hlig;"
(fontspec)             - 'bold slanted small caps'  (b/scsl) with NFSS spec.:
(fontspec)             <->"[KpRoman-Bold.otf]:mode=node;script=latn;language=df
lt;slant=0.19;+liga;-rlig;-dlig;-hlig;+pcap;"


(/usr/share/texlive/texmf-dist/tex/latex/kpfonts-otf/KpLight.fontspec)

Package fontspec Info: Font family 'KpLight(0)' created for font 'KpLight'
(fontspec)             with options [Extension = .otf,UprightFont =
(fontspec)             KpRoman-Light,BoldFont = KpRoman-Semibold,ItalicFont =
(fontspec)             KpRoman-LightItalic,BoldItalicFont =
(fontspec)             KpRoman-SemiboldItalic,SlantedFont =
(fontspec)             KpRoman-Light,SlantedFeatures =
(fontspec)             {FakeSlant=0.19},BoldSlantedFont =
(fontspec)             KpRoman-Semibold,BoldSlantedFeatures =
(fontspec)             {FakeSlant=0.19},SmallCapsFeatures =
(fontspec)             {Letters=PetiteCaps},Ligatures={Common,RequiredOff,RareO
ff,HistoricOff}].
(fontspec)              
(fontspec)              This font family consists of the following NFSS
(fontspec)             series/shapes:
(fontspec)              
(fontspec)             - 'normal' (m/n) with NFSS spec.:
(fontspec)             <->"[KpRoman-Light.otf]:mode=node;script=latn;language=d
flt;+liga;-rlig;-dlig;-hlig;"
(fontspec)             - 'small caps'  (m/sc) with NFSS spec.:
(fontspec)             <->"[KpRoman-Light.otf]:mode=node;script=latn;language=d
flt;+liga;-rlig;-dlig;-hlig;+pcap;"
(fontspec)             - 'bold' (b/n) with NFSS spec.:
(fontspec)             <->"[KpRoman-Semibold.otf]:mode=node;script=latn;languag
e=dflt;+liga;-rlig;-dlig;-hlig;"
(fontspec)             - 'bold small caps'  (b/sc) with NFSS spec.:
(fontspec)             <->"[KpRoman-Semibold.otf]:mode=node;script=latn;languag
e=dflt;+liga;-rlig;-dlig;-hlig;+pcap;"
(fontspec)             - 'italic' (m/it) with NFSS spec.:
(fontspec)             <->"[KpRoman-LightItalic.otf]:mode=node;script=latn;lang
uage=dflt;+liga;-rlig;-dlig;-hlig;"
(fontspec)             - 'italic small caps'  (m/scit) with NFSS spec.:
(fontspec)             <->"[KpRoman-LightItalic.otf]:mode=node;script=latn;lang
uage=dflt;+liga;-rlig;-dlig;-hlig;+pcap;"
(fontspec)             - 'slanted' (m/sl) with NFSS spec.:
(fontspec)             <->"[KpRoman-Light.otf]:mode=node;script=latn;language=d
flt;slant=0.19;+liga;-rlig;-dlig;-hlig;"
(fontspec)             - 'slanted small caps'  (m/scsl) with NFSS spec.:
(fontspec)             <->"[KpRoman-Light.otf]:mode=node;script=latn;language=d
flt;slant=0.19;+liga;-rlig;-dlig;-hlig;+pcap;"
(fontspec)             - 'bold italic' (b/it) with NFSS spec.:
(fontspec)             <->"[KpRoman-SemiboldItalic.otf]:mode=node;script=latn;l
anguage=dflt;+liga;-rlig;-dlig;-hlig;"
(fontspec)             - 'bold italic small caps'  (b/scit) with NFSS spec.:
(fontspec)             <->"[KpRoman-SemiboldItalic.otf]:mode=node;script=latn;l
anguage=dflt;+liga;-rlig;-dlig;-hlig;+pcap;"
(fontspec)             - 'bold slanted' (b/sl) with NFSS spec.:
(fontspec)             <->"[KpRoman-Semibold.otf]:mode=node;script=latn;languag
e=dflt;slant=0.19;+liga;-rlig;-dlig;-hlig;"
(fontspec)             - 'bold slanted small caps'  (b/scsl) with NFSS spec.:
(fontspec)             <->"[KpRoman-Semibold.otf]:mode=node;script=latn;languag
e=dflt;slant=0.19;+liga;-rlig;-dlig;-hlig;+pcap;"


Package fontspec Info: Font family 'KpRoman(1)' created for font 'KpRoman'
(fontspec)             with options [Ligatures=TeX,Extension =
(fontspec)             .otf,UprightFont = KpRoman-Regular,BoldFont =
(fontspec)             KpRoman-Bold,ItalicFont = KpRoman-Italic,BoldItalicFont
(fontspec)             = KpRoman-BoldItalic,SlantedFont =
(fontspec)             KpRoman-Regular,SlantedFeatures =
(fontspec)             {FakeSlant=0.19},BoldSlantedFont =
(fontspec)             KpRoman-Bold,BoldSlantedFeatures =
(fontspec)             {FakeSlant=0.19},SmallCapsFeatures =
(fontspec)             {Letters=PetiteCaps},Ligatures={Common,RequiredOff,RareO
ff,HistoricOff},SmallCapsFeatures
(fontspec)             = {Letters=PetiteCaps}].
(fontspec)              
(fontspec)              This font family consists of the following NFSS
(fontspec)             series/shapes:
(fontspec)              
(fontspec)             - 'normal' (m/n) with NFSS spec.:
(fontspec)             <->"[KpRoman-Regular.otf]:mode=node;script=latn;language
=dflt;+tlig;+liga;-rlig;-dlig;-hlig;"
(fontspec)             - 'small caps'  (m/sc) with NFSS spec.:
(fontspec)             <->"[KpRoman-Regular.otf]:mode=node;script=latn;language
=dflt;+tlig;+liga;-rlig;-dlig;-hlig;+pcap;"
(fontspec)             - 'bold' (b/n) with NFSS spec.:
(fontspec)             <->"[KpRoman-Bold.otf]:mode=node;script=latn;language=df
lt;+tlig;+liga;-rlig;-dlig;-hlig;"
(fontspec)             - 'bold small caps'  (b/sc) with NFSS spec.:
(fontspec)             <->"[KpRoman-Bold.otf]:mode=node;script=latn;language=df
lt;+tlig;+liga;-rlig;-dlig;-hlig;+pcap;"
(fontspec)             - 'italic' (m/it) with NFSS spec.:
(fontspec)             <->"[KpRoman-Italic.otf]:mode=node;script=latn;language=
dflt;+tlig;+liga;-rlig;-dlig;-hlig;"
(fontspec)             - 'italic small caps'  (m/scit) with NFSS spec.:
(fontspec)             <->"[KpRoman-Italic.otf]:mode=node;script=latn;language=
dflt;+tlig;+liga;-rlig;-dlig;-hlig;+pcap;"
(fontspec)             - 'slanted' (m/sl) with NFSS spec.:
(fontspec)             <->"[KpRoman-Regular.otf]:mode=node;script=latn;language
=dflt;slant=0.19;+tlig;+liga;-rlig;-dlig;-hlig;"
(fontspec)             - 'slanted small caps'  (m/scsl) with NFSS spec.:
(fontspec)             <->"[KpRoman-Regular.otf]:mode=node;script=latn;language
=dflt;slant=0.19;+tlig;+liga;-rlig;-dlig;-hlig;+pcap;"
(fontspec)             - 'bold italic' (b/it) with NFSS spec.:
(fontspec)             <->"[KpRoman-BoldItalic.otf]:mode=node;script=latn;langu
age=dflt;+tlig;+liga;-rlig;-dlig;-hlig;"
(fontspec)             - 'bold italic small caps'  (b/scit) with NFSS spec.:
(fontspec)             <->"[KpRoman-BoldItalic.otf]:mode=node;script=latn;langu
age=dflt;+tlig;+liga;-rlig;-dlig;-hlig;+pcap;"
(fontspec)             - 'bold slanted' (b/sl) with NFSS spec.:
(fontspec)             <->"[KpRoman-Bold.otf]:mode=node;script=latn;language=df
lt;slant=0.19;+tlig;+liga;-rlig;-dlig;-hlig;"
(fontspec)             - 'bold slanted small caps'  (b/scsl) with NFSS spec.:
(fontspec)             <->"[KpRoman-Bold.otf]:mode=node;script=latn;language=df
lt;slant=0.19;+tlig;+liga;-rlig;-dlig;-hlig;+pcap;"


Package fontspec Info: Font family 'KpRoman(2)' created for font 'KpRoman'
(fontspec)             with options [Extension = .otf,UprightFont =
(fontspec)             KpRoman-Regular,BoldFont = KpRoman-Bold,ItalicFont =
(fontspec)             KpRoman-Italic,BoldItalicFont =
(fontspec)             KpRoman-BoldItalic,SlantedFont =
(fontspec)             KpRoman-Regular,SlantedFeatures =
(fontspec)             {FakeSlant=0.19},BoldSlantedFont =
(fontspec)             KpRoman-Bold,BoldSlantedFeatures =
(fontspec)             {FakeSlant=0.19},SmallCapsFeatures =
(fontspec)             {Letters=PetiteCaps},Ligatures={Common,RequiredOff,RareO
ff,HistoricOff},SmallCapsFeatures
(fontspec)             = {Letters=PetiteCaps}].
(fontspec)              
(fontspec)              This font family consists of the following NFSS
(fontspec)             series/shapes:
(fontspec)              
(fontspec)             - 'normal' (m/n) with NFSS spec.:
(fontspec)             <->"[KpRoman-Regular.otf]:mode=node;script=latn;language
=dflt;+liga;-rlig;-dlig;-hlig;"
(fontspec)             - 'small caps'  (m/sc) with NFSS spec.:
(fontspec)             <->"[KpRoman-Regular.otf]:mode=node;script=latn;language
=dflt;+liga;-rlig;-dlig;-hlig;+pcap;"
(fontspec)             - 'bold' (b/n) with NFSS spec.:
(fontspec)             <->"[KpRoman-Bold.otf]:mode=node;script=latn;language=df
lt;+liga;-rlig;-dlig;-hlig;"
(fontspec)             - 'bold small caps'  (b/sc) with NFSS spec.:
(fontspec)             <->"[KpRoman-Bold.otf]:mode=node;script=latn;language=df
lt;+liga;-rlig;-dlig;-hlig;+pcap;"
(fontspec)             - 'italic' (m/it) with NFSS spec.:
(fontspec)             <->"[KpRoman-Italic.otf]:mode=node;script=latn;language=
dflt;+liga;-rlig;-dlig;-hlig;"
(fontspec)             - 'italic small caps'  (m/scit) with NFSS spec.:
(fontspec)             <->"[KpRoman-Italic.otf]:mode=node;script=latn;language=
dflt;+liga;-rlig;-dlig;-hlig;+pcap;"
(fontspec)             - 'slanted' (m/sl) with NFSS spec.:
(fontspec)             <->"[KpRoman-Regular.otf]:mode=node;script=latn;language
=dflt;slant=0.19;+liga;-rlig;-dlig;-hlig;"
(fontspec)             - 'slanted small caps'  (m/scsl) with NFSS spec.:
(fontspec)             <->"[KpRoman-Regular.otf]:mode=node;script=latn;language
=dflt;slant=0.19;+liga;-rlig;-dlig;-hlig;+pcap;"
(fontspec)             - 'bold italic' (b/it) with NFSS spec.:
(fontspec)             <->"[KpRoman-BoldItalic.otf]:mode=node;script=latn;langu
age=dflt;+liga;-rlig;-dlig;-hlig;"
(fontspec)             - 'bold italic small caps'  (b/scit) with NFSS spec.:
(fontspec)             <->"[KpRoman-BoldItalic.otf]:mode=node;script=latn;langu
age=dflt;+liga;-rlig;-dlig;-hlig;+pcap;"
(fontspec)             - 'bold slanted' (b/sl) with NFSS spec.:
(fontspec)             <->"[KpRoman-Bold.otf]:mode=node;script=latn;language=df
lt;slant=0.19;+liga;-rlig;-dlig;-hlig;"
(fontspec)             - 'bold slanted small caps'  (b/scsl) with NFSS spec.:
(fontspec)             <->"[KpRoman-Bold.otf]:mode=node;script=latn;language=df
lt;slant=0.19;+liga;-rlig;-dlig;-hlig;+pcap;"


Package fontspec Info: Font family 'KpLight(1)' created for font 'KpLight'
(fontspec)             with options [Extension = .otf,UprightFont =
(fontspec)             KpRoman-Light,BoldFont = KpRoman-Semibold,ItalicFont =
(fontspec)             KpRoman-LightItalic,BoldItalicFont =
(fontspec)             KpRoman-SemiboldItalic,SlantedFont =
(fontspec)             KpRoman-Light,SlantedFeatures =
(fontspec)             {FakeSlant=0.19},BoldSlantedFont =
(fontspec)             KpRoman-Semibold,BoldSlantedFeatures =
(fontspec)             {FakeSlant=0.19},SmallCapsFeatures =
(fontspec)             {Letters=PetiteCaps},Ligatures={Common,RequiredOff,RareO
ff,HistoricOff},SmallCapsFeatures
(fontspec)             = {Letters=PetiteCaps}].
(fontspec)              
(fontspec)              This font family consists of the following NFSS
(fontspec)             series/shapes:
(fontspec)              
(fontspec)             - 'normal' (m/n) with NFSS spec.:
(fontspec)             <->"[KpRoman-Light.otf]:mode=node;script=latn;language=d
flt;+liga;-rlig;-dlig;-hlig;"
(fontspec)             - 'small caps'  (m/sc) with NFSS spec.:
(fontspec)             <->"[KpRoman-Light.otf]:mode=node;script=latn;language=d
flt;+liga;-rlig;-dlig;-hlig;+pcap;"
(fontspec)             - 'bold' (b/n) with NFSS spec.:
(fontspec)             <->"[KpRoman-Semibold.otf]:mode=node;script=latn;languag
e=dflt;+liga;-rlig;-dlig;-hlig;"
(fontspec)             - 'bold small caps'  (b/sc) with NFSS spec.:
(fontspec)             <->"[KpRoman-Semibold.otf]:mode=node;script=latn;languag
e=dflt;+liga;-rlig;-dlig;-hlig;+pcap;"
(fontspec)             - 'italic' (m/it) with NFSS spec.:
(fontspec)             <->"[KpRoman-LightItalic.otf]:mode=node;script=latn;lang
uage=dflt;+liga;-rlig;-dlig;-hlig;"
(fontspec)             - 'italic small caps'  (m/scit) with NFSS spec.:
(fontspec)             <->"[KpRoman-LightItalic.otf]:mode=node;script=latn;lang
uage=dflt;+liga;-rlig;-dlig;-hlig;+pcap;"
(fontspec)             - 'slanted' (m/sl) with NFSS spec.:
(fontspec)             <->"[KpRoman-Light.otf]:mode=node;script=latn;language=d
flt;slant=0.19;+liga;-rlig;-dlig;-hlig;"
(fontspec)             - 'slanted small caps'  (m/scsl) with NFSS spec.:
(fontspec)             <->"[KpRoman-Light.otf]:mode=node;script=latn;language=d
flt;slant=0.19;+liga;-rlig;-dlig;-hlig;+pcap;"
(fontspec)             - 'bold italic' (b/it) with NFSS spec.:
(fontspec)             <->"[KpRoman-SemiboldItalic.otf]:mode=node;script=latn;l
anguage=dflt;+liga;-rlig;-dlig;-hlig;"
(fontspec)             - 'bold italic small caps'  (b/scit) with NFSS spec.:
(fontspec)             <->"[KpRoman-SemiboldItalic.otf]:mode=node;script=latn;l
anguage=dflt;+liga;-rlig;-dlig;-hlig;+pcap;"
(fontspec)             - 'bold slanted' (b/sl) with NFSS spec.:
(fontspec)             <->"[KpRoman-Semibold.otf]:mode=node;script=latn;languag
e=dflt;slant=0.19;+liga;-rlig;-dlig;-hlig;"
(fontspec)             - 'bold slanted small caps'  (b/scsl) with NFSS spec.:
(fontspec)             <->"[KpRoman-Semibold.otf]:mode=node;script=latn;languag
e=dflt;slant=0.19;+liga;-rlig;-dlig;-hlig;+pcap;"


(/usr/share/texlive/texmf-dist/tex/latex/kpfonts-otf/KpSans.fontspec)

Package fontspec Info: Font family 'KpSans(0)' created for font 'KpSans' with
(fontspec)             options [Ligatures=TeX,SmallCapsFeatures =
(fontspec)             {Letters=PetiteCaps},Extension = .otf,UprightFont =
(fontspec)             *-Regular,BoldFont = *-Bold,ItalicFont =
(fontspec)             *-Italic,BoldItalicFont =
(fontspec)             *-BoldItalic,SmallCapsFeatures = {Letters=PetiteCaps}].
(fontspec)              
(fontspec)              This font family consists of the following NFSS
(fontspec)             series/shapes:
(fontspec)              
(fontspec)             - 'normal' (m/n) with NFSS spec.:
(fontspec)             <->"[KpSans-Regular.otf]:mode=node;script=latn;language=
dflt;+tlig;"
(fontspec)             - 'small caps'  (m/sc) with NFSS spec.:
(fontspec)             <->"[KpSans-Regular.otf]:mode=node;script=latn;language=
dflt;+tlig;+pcap;"
(fontspec)             - 'bold' (b/n) with NFSS spec.:
(fontspec)             <->"[KpSans-Bold.otf]:mode=node;script=latn;language=dfl
t;+tlig;"
(fontspec)             - 'bold small caps'  (b/sc) with NFSS spec.:
(fontspec)             <->"[KpSans-Bold.otf]:mode=node;script=latn;language=dfl
t;+tlig;+pcap;"
(fontspec)             - 'italic' (m/it) with NFSS spec.:
(fontspec)             <->"[KpSans-Italic.otf]:mode=node;script=latn;language=d
flt;+tlig;"
(fontspec)             - 'italic small caps'  (m/scit) with NFSS spec.:
(fontspec)             <->"[KpSans-Italic.otf]:mode=node;script=latn;language=d
flt;+tlig;+pcap;"
(fontspec)             - 'bold italic' (b/it) with NFSS spec.:
(fontspec)             <->"[KpSans-BoldItalic.otf]:mode=node;script=latn;langua
ge=dflt;+tlig;"
(fontspec)             - 'bold italic small caps'  (b/scit) with NFSS spec.:
(fontspec)             <->"[KpSans-BoldItalic.otf]:mode=node;script=latn;langua
ge=dflt;+tlig;+pcap;"


(/usr/share/texlive/texmf-dist/tex/latex/kpfonts-otf/KpMono.fontspec)
luaotfload | aux : font no 39 (nil) does not define feature smcp for script latn
 with language dflt
luaotfload | aux : font no 40 (nil) does not define feature smcp for script latn
 with language dflt
luaotfload | aux : font no 41 (nil) does not define feature smcp for script latn
 with language dflt
luaotfload | aux : font no 42 (nil) does not define feature smcp for script latn
 with language dflt

Package fontspec Info: Font family 'KpMono(0)' created for font 'KpMono' with
(fontspec)             options
(fontspec)             [WordSpace={1,0,0},HyphenChar=None,PunctuationSpace=Word
Space,Extension
(fontspec)             = .otf,UprightFont = *-Regular,BoldFont =
(fontspec)             *-Bold,ItalicFont = *-Italic,BoldItalicFont =
(fontspec)             *-BoldItalic].
(fontspec)              
(fontspec)              This font family consists of the following NFSS
(fontspec)             series/shapes:
(fontspec)              
(fontspec)             - 'normal' (m/n) with NFSS spec.:
(fontspec)             <->"[KpMono-Regular.otf]:mode=node;script=latn;language=
dflt;"
(fontspec)             - 'small caps'  (m/sc) with NFSS spec.: 
(fontspec)             and font adjustment code:
(fontspec)             \fontdimen 2\font =1\fontdimen 2\font \fontdimen 3\font
(fontspec)             =0\fontdimen 3\font \fontdimen 4\font =0\fontdimen
(fontspec)             4\font \fontdimen 7\font =0\fontdimen 2\font
(fontspec)             \tex_hyphenchar:D \font =-1\scan_stop: 
(fontspec)             - 'bold' (b/n) with NFSS spec.:
(fontspec)             <->"[KpMono-Bold.otf]:mode=node;script=latn;language=dfl
t;"
(fontspec)             - 'bold small caps'  (b/sc) with NFSS spec.: 
(fontspec)             and font adjustment code:
(fontspec)             \fontdimen 2\font =1\fontdimen 2\font \fontdimen 3\font
(fontspec)             =0\fontdimen 3\font \fontdimen 4\font =0\fontdimen
(fontspec)             4\font \fontdimen 7\font =0\fontdimen 2\font
(fontspec)             \tex_hyphenchar:D \font =-1\scan_stop: 
(fontspec)             - 'italic' (m/it) with NFSS spec.:
(fontspec)             <->"[KpMono-Italic.otf]:mode=node;script=latn;language=d
flt;"
(fontspec)             - 'italic small caps'  (m/scit) with NFSS spec.: 
(fontspec)             and font adjustment code:
(fontspec)             \fontdimen 2\font =1\fontdimen 2\font \fontdimen 3\font
(fontspec)             =0\fontdimen 3\font \fontdimen 4\font =0\fontdimen
(fontspec)             4\font \fontdimen 7\font =0\fontdimen 2\font
(fontspec)             \tex_hyphenchar:D \font =-1\scan_stop: 
(fontspec)             - 'bold italic' (b/it) with NFSS spec.:
(fontspec)             <->"[KpMono-BoldItalic.otf]:mode=node;script=latn;langua
ge=dflt;"
(fontspec)             - 'bold italic small caps'  (b/scit) with NFSS spec.: 
(fontspec)             and font adjustment code:
(fontspec)             \fontdimen 2\font =1\fontdimen 2\font \fontdimen 3\font
(fontspec)             =0\fontdimen 3\font \fontdimen 4\font =0\fontdimen
(fontspec)             4\font \fontdimen 7\font =0\fontdimen 2\font
(fontspec)             \tex_hyphenchar:D \font =-1\scan_stop: 


(/usr/share/texlive/texmf-dist/tex/latex/unicode-math/unicode-math.sty
Package: unicode-math 2023/08/13 v0.8r Unicode maths in XeLaTeX and LuaLaTeX

(/usr/share/texlive/texmf-dist/tex/latex/unicode-math/unicode-math-luatex.sty
Package: unicode-math-luatex 2023/08/13 v0.8r Unicode maths in XeLaTeX and LuaL
aTeX

(/usr/share/texlive/texmf-dist/tex/latex/l3packages/l3keys2e/l3keys2e.sty
Package: l3keys2e 2023-10-10 LaTeX2e option processing using LaTeX3 keys
)
(/usr/share/texlive/texmf-dist/tex/latex/base/fix-cm.sty
Package: fix-cm 2020/11/24 v1.1t fixes to LaTeX

(/usr/share/texlive/texmf-dist/tex/latex/base/ts1enc.def
File: ts1enc.def 2001/06/05 v3.0e (jk/car/fm) Standard LaTeX file
LaTeX Font Info:    Redeclaring font encoding TS1 on input line 47.
))
(/usr/share/texlive/texmf-dist/tex/latex/amsmath/amsmath.sty
Package: amsmath 2023/05/13 v2.17o AMS math features
\@mathmargin=\skip50

For additional information on amsmath, use the `?' option.
(/usr/share/texlive/texmf-dist/tex/latex/amsmath/amstext.sty
Package: amstext 2021/08/26 v2.01 AMS text

(/usr/share/texlive/texmf-dist/tex/latex/amsmath/amsgen.sty
File: amsgen.sty 1999/11/30 v2.0 generic functions
\@emptytoks=\toks20
\ex@=\dimen144
))
(/usr/share/texlive/texmf-dist/tex/latex/amsmath/amsbsy.sty
Package: amsbsy 1999/11/29 v1.2d Bold Symbols
\pmbraise@=\dimen145
)
(/usr/share/texlive/texmf-dist/tex/latex/amsmath/amsopn.sty
Package: amsopn 2022/04/08 v2.04 operator names
)
\inf@bad=\count271
LaTeX Info: Redefining \frac on input line 236.
\uproot@=\count272
\leftroot@=\count273
LaTeX Info: Redefining \overline on input line 399.
LaTeX Info: Redefining \colon on input line 410.
\classnum@=\count274
\DOTSCASE@=\count275
LaTeX Info: Redefining \ldots on input line 496.
LaTeX Info: Redefining \dots on input line 499.
LaTeX Info: Redefining \cdots on input line 620.
\Mathstrutbox@=\box52
\strutbox@=\box53
LaTeX Info: Redefining \big on input line 722.
LaTeX Info: Redefining \Big on input line 723.
LaTeX Info: Redefining \bigg on input line 724.
LaTeX Info: Redefining \Bigg on input line 725.
\big@size=\dimen146
LaTeX Font Info:    Redeclaring font encoding OML on input line 743.
LaTeX Font Info:    Redeclaring font encoding OMS on input line 744.
\macc@depth=\count276
LaTeX Info: Redefining \bmod on input line 905.
LaTeX Info: Redefining \pmod on input line 910.
LaTeX Info: Redefining \smash on input line 940.
LaTeX Info: Redefining \relbar on input line 970.
LaTeX Info: Redefining \Relbar on input line 971.
\c@MaxMatrixCols=\count277
\dotsspace@=\muskip16
\c@parentequation=\count278
\dspbrk@lvl=\count279
\tag@help=\toks21
\row@=\count280
\column@=\count281
\maxfields@=\count282
\andhelp@=\toks22
\eqnshift@=\dimen147
\alignsep@=\dimen148
\tagshift@=\dimen149
\tagwidth@=\dimen150
\totwidth@=\dimen151
\lineht@=\dimen152
\@envbody=\toks23
\multlinegap=\skip51
\multlinetaggap=\skip52
\mathdisplay@stack=\toks24
LaTeX Info: Redefining \[ on input line 2953.
LaTeX Info: Redefining \] on input line 2954.
)
(/usr/share/texlive/texmf-dist/tex/lualatex/lualatex-math/lualatex-math.sty
Package: lualatex-math 2022/01/01 v1.12 Patches for mathematics typesetting wit
h LuaLaTeX

(/usr/share/texlive/texmf-dist/tex/latex/etoolbox/etoolbox.sty
Package: etoolbox 2020/10/05 v2.5k e-TeX tools for LaTeX (JAW)
\etb@tempcnta=\count283
)
Lua module: lualatex-math 2013/08/03 1.3 Patches for mathematics typesetting wit
h LuaLaTeX)
\g__um_fam_int=\count284
\g__um_fonts_used_int=\count285
\l__um_primecount_int=\count286
\g__um_primekern_muskip=\muskip17

(/usr/share/texlive/texmf-dist/tex/latex/unicode-math/unicode-math-table.tex))) (/usr/share/texlive/texmf-dist/tex/latex/kpfonts-otf/KpMath-Regular.fontspec)

Package fontspec Info: Font family 'KpMath-Regular.otf(0)' created for font
(fontspec)             'KpMath-Regular.otf' with options [Extension =
(fontspec)             .otf,BoldFont =
(fontspec)             KpMath-Bold,Renderer=Basic,BoldItalicFont={},ItalicFont=
{},SmallCapsFont={},Script=Math,RawFeature={mathfontdimen=xetex}].
(fontspec)              
(fontspec)              This font family consists of the following NFSS
(fontspec)             series/shapes:
(fontspec)              
(fontspec)             - 'normal' (m/n) with NFSS spec.:
(fontspec)             <->"[KpMath-Regular.otf]:mode=base;script=math;language=
dflt;mathfontdimen=xetex;"
(fontspec)             - 'small caps'  (m/sc) with NFSS spec.: 
(fontspec)             - 'bold' (b/n) with NFSS spec.:
(fontspec)             <->"[KpMath-Bold.otf]:mode=base;script=math;language=dfl
t;mathfontdimen=xetex;"
(fontspec)             - 'bold small caps'  (b/sc) with NFSS spec.: 


Package fontspec Info: Font family 'KpMath-Regular.otf(1)' created for font
(fontspec)             'KpMath-Regular.otf' with options [Extension =
(fontspec)             .otf,BoldFont =
(fontspec)             KpMath-Bold,Renderer=Basic,BoldItalicFont={},ItalicFont=
{},SmallCapsFont={},Script=Math,SizeFeatures={{Size=10.2-},{Size=7.5-10.2,Font=
KpMath-Regular.otf,Style=MathScript},{Size=-7.5,Font=KpMath-Regular.otf,Style=M
athScriptScript}},RawFeature={mathfontdimen=xetex}].
(fontspec)              
(fontspec)              This font family consists of the following NFSS
(fontspec)             series/shapes:
(fontspec)              
(fontspec)             - 'normal' (m/n) with NFSS spec.:
(fontspec)             <10.2->"[KpMath-Regular.otf]:mode=base;script=math;langu
age=dflt;mathfontdimen=xetex;"<7.5-10.2>"[KpMath-Regular.otf]:mode=base;script=
math;language=dflt;mathfontdimen=xetex;+ssty=0;"<-7.5>"[KpMath-Regular.otf]:mod
e=base;script=math;language=dflt;mathfontdimen=xetex;+ssty=1;"
(fontspec)             - 'small caps'  (m/sc) with NFSS spec.: 
(fontspec)             - 'bold' (b/n) with NFSS spec.:
(fontspec)             <->"[KpMath-Bold.otf]:mode=base;script=math;language=dfl
t;mathfontdimen=xetex;"
(fontspec)             - 'bold small caps'  (b/sc) with NFSS spec.: 

LaTeX Font Info:    Encoding `OT1' has changed to `TU' for symbol font
(Font)              `operators' in the math version `normal' on input line 265.

LaTeX Font Info:    Overwriting symbol font `operators' in version `normal'
(Font)                  OT1/cmr/m/n --> TU/KpMath-Regular.otf(1)/m/n on input l
ine 265.
LaTeX Font Info:    Encoding `OT1' has changed to `TU' for symbol font
(Font)              `operators' in the math version `bold' on input line 265.
LaTeX Font Info:    Overwriting symbol font `operators' in version `bold'
(Font)                  OT1/cmr/bx/n --> TU/KpMath-Regular.otf(1)/b/n on input 
line 265.

Package fontspec Info: Font family 'KpMath-Regular.otf(2)' created for font
(fontspec)             'KpMath-Regular.otf' with options [Extension =
(fontspec)             .otf,BoldFont =
(fontspec)             KpMath-Bold,Renderer=Basic,BoldItalicFont={},ItalicFont=
{},SmallCapsFont={},Script=Math,SizeFeatures={{Size=10.2-},{Size=7.5-10.2,Font=
KpMath-Regular.otf,Style=MathScript},{Size=-7.5,Font=KpMath-Regular.otf,Style=M
athScriptScript}},RawFeature={mathfontdimen=xetex},RawFeature={mathfontdimen=te
x2}].
(fontspec)              
(fontspec)              This font family consists of the following NFSS
(fontspec)             series/shapes:
(fontspec)              
(fontspec)             - 'normal' (m/n) with NFSS spec.:
(fontspec)             <10.2->"[KpMath-Regular.otf]:mode=base;script=math;langu
age=dflt;mathfontdimen=xetex;mathfontdimen=tex2;"<7.5-10.2>"[KpMath-Regular.otf
]:mode=base;script=math;language=dflt;mathfontdimen=xetex;mathfontdimen=tex2;+s
sty=0;"<-7.5>"[KpMath-Regular.otf]:mode=base;script=math;language=dflt;mathfont
dimen=xetex;mathfontdimen=tex2;+ssty=1;"
(fontspec)             - 'small caps'  (m/sc) with NFSS spec.: 
(fontspec)             - 'bold' (b/n) with NFSS spec.:
(fontspec)             <->"[KpMath-Bold.otf]:mode=base;script=math;language=dfl
t;mathfontdimen=xetex;mathfontdimen=tex2;"
(fontspec)             - 'bold small caps'  (b/sc) with NFSS spec.: 

LaTeX Font Info:    Encoding `OMS' has changed to `TU' for symbol font
(Font)              `symbols' in the math version `normal' on input line 265.
LaTeX Font Info:    Overwriting symbol font `symbols' in version `normal'
(Font)                  OMS/cmsy/m/n --> TU/KpMath-Regular.otf(2)/m/n on input 
line 265.
LaTeX Font Info:    Encoding `OMS' has changed to `TU' for symbol font
(Font)              `symbols' in the math version `bold' on input line 265.
LaTeX Font Info:    Overwriting symbol font `symbols' in version `bold'
(Font)                  OMS/cmsy/b/n --> TU/KpMath-Regular.otf(2)/b/n on input 
line 265.

Package fontspec Info: Font family 'KpMath-Regular.otf(3)' created for font
(fontspec)             'KpMath-Regular.otf' with options [Extension =
(fontspec)             .otf,BoldFont =
(fontspec)             KpMath-Bold,Renderer=Basic,BoldItalicFont={},ItalicFont=
{},SmallCapsFont={},Script=Math,SizeFeatures={{Size=10.2-},{Size=7.5-10.2,Font=
KpMath-Regular.otf,Style=MathScript},{Size=-7.5,Font=KpMath-Regular.otf,Style=M
athScriptScript}},RawFeature={mathfontdimen=xetex},RawFeature={mathfontdimen=te
x3}].
(fontspec)              
(fontspec)              This font family consists of the following NFSS
(fontspec)             series/shapes:
(fontspec)              
(fontspec)             - 'normal' (m/n) with NFSS spec.:
(fontspec)             <10.2->"[KpMath-Regular.otf]:mode=base;script=math;langu
age=dflt;mathfontdimen=xetex;mathfontdimen=tex3;"<7.5-10.2>"[KpMath-Regular.otf
]:mode=base;script=math;language=dflt;mathfontdimen=xetex;mathfontdimen=tex3;+s
sty=0;"<-7.5>"[KpMath-Regular.otf]:mode=base;script=math;language=dflt;mathfont
dimen=xetex;mathfontdimen=tex3;+ssty=1;"
(fontspec)             - 'small caps'  (m/sc) with NFSS spec.: 
(fontspec)             - 'bold' (b/n) with NFSS spec.:
(fontspec)             <->"[KpMath-Bold.otf]:mode=base;script=math;language=dfl
t;mathfontdimen=xetex;mathfontdimen=tex3;"
(fontspec)             - 'bold small caps'  (b/sc) with NFSS spec.: 

LaTeX Font Info:    Encoding `OMX' has changed to `TU' for symbol font
(Font)              `largesymbols' in the math version `normal' on input line 2
65.
LaTeX Font Info:    Overwriting symbol font `largesymbols' in version `normal'
(Font)                  OMX/cmex/m/n --> TU/KpMath-Regular.otf(3)/m/n on input 
line 265.
LaTeX Font Info:    Encoding `OMX' has changed to `TU' for symbol font
(Font)              `largesymbols' in the math version `bold' on input line 265
.
LaTeX Font Info:    Overwriting symbol font `largesymbols' in version `bold'
(Font)                  OMX/cmex/m/n --> TU/KpMath-Regular.otf(3)/b/n on input 
line 265.

Package fontspec Info: Font family 'KpMath-Regular.otf(4)' created for font
(fontspec)             'KpMath-Regular.otf' with options [Extension =
(fontspec)             .otf,BoldFont =
(fontspec)             KpMath-Bold,Renderer=Basic,BoldItalicFont={},ItalicFont=
{},SmallCapsFont={},Script=Math,SizeFeatures={{Size=10.2-},{Size=7.5-10.2,Font=
KpMath-Regular.otf,Style=MathScript},{Size=-7.5,Font=KpMath-Regular.otf,Style=M
athScriptScript}},RawFeature={mathfontdimen=xetex},RawFeature={+ss01}].
(fontspec)              
(fontspec)              This font family consists of the following NFSS
(fontspec)             series/shapes:
(fontspec)              
(fontspec)             - 'normal' (m/n) with NFSS spec.:
(fontspec)             <10.2->"[KpMath-Regular.otf]:mode=base;script=math;langu
age=dflt;mathfontdimen=xetex;+ss01;"<7.5-10.2>"[KpMath-Regular.otf]:mode=base;s
cript=math;language=dflt;mathfontdimen=xetex;+ss01;+ssty=0;"<-7.5>"[KpMath-Regu
lar.otf]:mode=base;script=math;language=dflt;mathfontdimen=xetex;+ss01;+ssty=1;
"
(fontspec)             - 'small caps'  (m/sc) with NFSS spec.: 
(fontspec)             - 'bold' (b/n) with NFSS spec.:
(fontspec)             <->"[KpMath-Bold.otf]:mode=base;script=math;language=dfl
t;mathfontdimen=xetex;+ss01;"
(fontspec)             - 'bold small caps'  (b/sc) with NFSS spec.: 

\sym__um_fam1=\mathgroup4
LaTeX Font Info:    Overwriting symbol font `__um_fam1' in version `normal'
(Font)                  TU/KpMath-Regular.otf(4)/m/n --> TU/KpMath-Regular.otf(
4)/m/n on input line 266.
LaTeX Font Info:    Overwriting symbol font `__um_fam1' in version `bold'
(Font)                  TU/KpMath-Regular.otf(4)/m/n --> TU/KpMath-Regular.otf(
4)/b/n on input line 266.
)) (/usr/share/texlive/texmf-dist/tex/latex/geometry/geometry.sty
Package: geometry 2020/01/02 v5.9 Page Geometry

(/usr/share/texlive/texmf-dist/tex/latex/graphics/keyval.sty
Package: keyval 2022/05/29 v1.15 key=value parser (DPC)
\KV@toks@=\toks25
)
(/usr/share/texlive/texmf-dist/tex/generic/iftex/ifvtex.sty
Package: ifvtex 2019/10/25 v1.7 ifvtex legacy package. Use iftex instead.
)
\Gm@cnth=\count287
\Gm@cntv=\count288
\c@Gm@tempcnt=\count289
\Gm@bindingoffset=\dimen153
\Gm@wd@mp=\dimen154
\Gm@odd@mp=\dimen155
\Gm@even@mp=\dimen156
\Gm@layoutwidth=\dimen157
\Gm@layoutheight=\dimen158
\Gm@layouthoffset=\dimen159
\Gm@layoutvoffset=\dimen160
\Gm@dimlist=\toks26
)
(/usr/share/texlive/texmf-dist/tex/latex/microtype/microtype.sty
Package: microtype 2023/03/13 v3.1a Micro-typographical refinements (RS)
\MT@toks=\toks27
\MT@tempbox=\box54
\MT@count=\count290
LaTeX Info: Redefining \noprotrusionifhmode on input line 1059.
LaTeX Info: Redefining \leftprotrusion on input line 1060.
\MT@prot@toks=\toks28
LaTeX Info: Redefining \rightprotrusion on input line 1078.
LaTeX Info: Redefining \textls on input line 1368.
\MT@outer@kern=\dimen161
LaTeX Info: Redefining \textmicrotypecontext on input line 1988.
\MT@listname@count=\count291

(/usr/share/texlive/texmf-dist/tex/latex/microtype/microtype-luatex.def
File: microtype-luatex.def 2023/03/13 v3.1a Definitions specific to luatex (RS)

Lua module: microtype 2023/03/13 3.1a microtype module.
Module microtype Info: overwriting function `keepligature' on input line 63
LaTeX Info: Redefining \lsstyle on input line 688.
LaTeX Info: Redefining \lslig on input line 688.
\MT@outer@space=\skip53
)
Package microtype Info: Loading configuration file microtype.cfg.

(/usr/share/texlive/texmf-dist/tex/latex/microtype/microtype.cfg
File: microtype.cfg 2023/03/13 v3.1a microtype main configuration file (RS)
))
(/usr/share/texlive/texmf-dist/tex/latex/amscls/amsthm.sty
Package: amsthm 2020/05/29 v2.20.6
\thm@style=\toks29
\thm@bodyfont=\toks30
\thm@headfont=\toks31
\thm@notefont=\toks32
\thm@headpunct=\toks33
\thm@preskip=\skip54
\thm@postskip=\skip55
\thm@headsep=\skip56
\dth@everypar=\toks34
)
(/usr/share/texlive/texmf-dist/tex/latex/amsfonts/amssymb.sty
Package: amssymb 2013/01/14 v3.01 AMS font symbols

(/usr/share/texlive/texmf-dist/tex/latex/amsfonts/amsfonts.sty
Package: amsfonts 2013/01/14 v3.01 Basic AMSFonts support
\symAMSa=\mathgroup5
\symAMSb=\mathgroup6
LaTeX Font Info:    Redeclaring math delimiter \ulcorner on input line 74.
LaTeX Font Info:    Redeclaring math delimiter \urcorner on input line 75.
LaTeX Font Info:    Redeclaring math delimiter \llcorner on input line 76.
LaTeX Font Info:    Redeclaring math delimiter \lrcorner on input line 77.
LaTeX Font Info:    Redeclaring math symbol \hbar on input line 98.
)

! LaTeX Error: Command `\eth' already defined.

See the LaTeX manual or LaTeX Companion for explanation.
Type  H <return>  for immediate help.
 ...                                              
                                                  
l.240 ...mbol{\eth}            {\mathord}{AMSb}{"67}
                                                  
? 

! LaTeX Error: Command `\smallsetminus' already defined.

See the LaTeX manual or LaTeX Companion for explanation.
Type  H <return>  for immediate help.
 ...                                              
                                                  
l.251 ...mbol{\smallsetminus}  {\mathbin}{AMSb}{"72}
                                                  
? 

! LaTeX Error: Command `\digamma' already defined.

See the LaTeX manual or LaTeX Companion for explanation.
Type  H <return>  for immediate help.
 ...                                              
                                                  
l.259 ...mbol{\digamma}        {\mathord}{AMSb}{"7A}
                                                  
? 

! LaTeX Error: Command `\backepsilon' already defined.

See the LaTeX manual or LaTeX Companion for explanation.
Type  H <return>  for immediate help.
 ...                                              
                                                  
l.265 ...mbol{\backepsilon}    {\mathrel}{AMSb}{"7F}
                                                  
? 
) (/usr/share/texlive/texmf-dist/tex/latex/mathtools/mathtools.sty
Package: mathtools 2022/06/29 v1.29 mathematical typesetting tools

(/usr/share/texlive/texmf-dist/tex/latex/tools/calc.sty
Package: calc 2023/07/08 v4.3 Infix arithmetic (KKT,FJ)
\calc@Acount=\count292
\calc@Bcount=\count293
\calc@Adimen=\dimen162
\calc@Bdimen=\dimen163
\calc@Askip=\skip57
\calc@Bskip=\skip58
LaTeX Info: Redefining \setlength on input line 80.
LaTeX Info: Redefining \addtolength on input line 81.
\calc@Ccount=\count294
\calc@Cskip=\skip59
)
(/usr/share/texlive/texmf-dist/tex/latex/mathtools/mhsetup.sty
Package: mhsetup 2021/03/18 v1.4 programming setup (MH)
)

Package mathtools Warning: For best results, please load mathtools *before* 
(mathtools)                unicode-math on input line 126.

\g_MT_multlinerow_int=\count295
\l_MT_multwidth_dim=\dimen164
\origjot=\skip60
\l_MT_shortvdotswithinadjustabove_dim=\dimen165
\l_MT_shortvdotswithinadjustbelow_dim=\dimen166
\l_MT_above_intertext_sep=\dimen167
\l_MT_below_intertext_sep=\dimen168
\l_MT_above_shortintertext_sep=\dimen169
\l_MT_below_shortintertext_sep=\dimen170
\xmathstrut@box=\box55
\xmathstrut@dim=\dimen171
) (/usr/share/texlive/texmf-dist/tex/latex/xcolor/xcolor.sty
Package: xcolor 2023/11/15 v3.01 LaTeX color extensions (UK)

(/usr/share/texlive/texmf-dist/tex/latex/graphics-cfg/color.cfg
File: color.cfg 2016/01/02 v1.6 sample color configuration
)
Package xcolor Info: Driver file: luatex.def on input line 274.

(/usr/share/texlive/texmf-dist/tex/latex/graphics-def/luatex.def
File: luatex.def 2022/09/22 v1.2d Graphics/color driver for luatex
)
(/usr/share/texlive/texmf-dist/tex/latex/graphics/mathcolor.ltx)
Package xcolor Info: Model `cmy' substituted by `cmy0' on input line 1350.
Package xcolor Info: Model `hsb' substituted by `rgb' on input line 1354.
Package xcolor Info: Model `RGB' extended on input line 1366.
Package xcolor Info: Model `HTML' substituted by `rgb' on input line 1368.
Package xcolor Info: Model `Hsb' substituted by `hsb' on input line 1369.
Package xcolor Info: Model `tHsb' substituted by `hsb' on input line 1370.
Package xcolor Info: Model `HSB' substituted by `hsb' on input line 1371.
Package xcolor Info: Model `Gray' substituted by `gray' on input line 1372.
Package xcolor Info: Model `wave' substituted by `hsb' on input line 1373.
)
(/usr/share/texlive/texmf-dist/tex/latex/pgf/frontendlayer/tikz.sty
(/usr/share/texlive/texmf-dist/tex/latex/pgf/basiclayer/pgf.sty
(/usr/share/texlive/texmf-dist/tex/latex/pgf/utilities/pgfrcs.sty
(/usr/share/texlive/texmf-dist/tex/generic/pgf/utilities/pgfutil-common.tex
\pgfutil@everybye=\toks35
\pgfutil@tempdima=\dimen172
\pgfutil@tempdimb=\dimen173
)
(/usr/share/texlive/texmf-dist/tex/generic/pgf/utilities/pgfutil-latex.def
\pgfutil@abb=\box56
)
(/usr/share/texlive/texmf-dist/tex/generic/pgf/utilities/pgfrcs.code.tex
(/usr/share/texlive/texmf-dist/tex/generic/pgf/pgf.revision.tex)
Package: pgfrcs 2023-01-15 v3.1.10 (3.1.10)
))
Package: pgf 2023-01-15 v3.1.10 (3.1.10)

(/usr/share/texlive/texmf-dist/tex/latex/pgf/basiclayer/pgfcore.sty
(/usr/share/texlive/texmf-dist/tex/latex/graphics/graphicx.sty
Package: graphicx 2021/09/16 v1.2d Enhanced LaTeX Graphics (DPC,SPQR)

(/usr/share/texlive/texmf-dist/tex/latex/graphics/graphics.sty
Package: graphics 2022/03/10 v1.4e Standard LaTeX Graphics (DPC,SPQR)

(/usr/share/texlive/texmf-dist/tex/latex/graphics/trig.sty
Package: trig 2021/08/11 v1.11 sin cos tan (DPC)
)
(/usr/share/texlive/texmf-dist/tex/latex/graphics-cfg/graphics.cfg
File: graphics.cfg 2016/06/04 v1.11 sample graphics configuration
)
Package graphics Info: Driver file: luatex.def on input line 107.
)
\Gin@req@height=\dimen174
\Gin@req@width=\dimen175
)
(/usr/share/texlive/texmf-dist/tex/latex/pgf/systemlayer/pgfsys.sty
(/usr/share/texlive/texmf-dist/tex/generic/pgf/systemlayer/pgfsys.code.tex
Package: pgfsys 2023-01-15 v3.1.10 (3.1.10)

(/usr/share/texlive/texmf-dist/tex/generic/pgf/utilities/pgfkeys.code.tex
\pgfkeys@pathtoks=\toks36
\pgfkeys@temptoks=\toks37

(/usr/share/texlive/texmf-dist/tex/generic/pgf/utilities/pgfkeyslibraryfiltered
.code.tex
\pgfkeys@tmptoks=\toks38
))
\pgf@x=\dimen176
\pgf@y=\dimen177
\pgf@xa=\dimen178
\pgf@ya=\dimen179
\pgf@xb=\dimen180
\pgf@yb=\dimen181
\pgf@xc=\dimen182
\pgf@yc=\dimen183
\pgf@xd=\dimen184
\pgf@yd=\dimen185
\w@pgf@writea=\write3
\r@pgf@reada=\read2
\c@pgf@counta=\count296
\c@pgf@countb=\count297
\c@pgf@countc=\count298
\c@pgf@countd=\count299
\t@pgf@toka=\toks39
\t@pgf@tokb=\toks40
\t@pgf@tokc=\toks41
\pgf@sys@id@count=\count300
 (/usr/share/texlive/texmf-dist/tex/generic/pgf/systemlayer/pgf.cfg
File: pgf.cfg 2023-01-15 v3.1.10 (3.1.10)
)
Driver file for pgf: pgfsys-luatex.def
(/usr/share/texlive/texmf-dist/tex/generic/pgf/systemlayer/pgfsys-luatex.def
File: pgfsys-luatex.def 2023-01-15 v3.1.10 (3.1.10)

(/usr/share/texlive/texmf-dist/tex/generic/pgf/systemlayer/pgfsys-common-pdf.de
f
File: pgfsys-common-pdf.def 2023-01-15 v3.1.10 (3.1.10)
)))
(/usr/share/texlive/texmf-dist/tex/generic/pgf/systemlayer/pgfsyssoftpath.code.
tex
File: pgfsyssoftpath.code.tex 2023-01-15 v3.1.10 (3.1.10)
\pgfsyssoftpath@smallbuffer@items=\count301
\pgfsyssoftpath@bigbuffer@items=\count302
)
(/usr/share/texlive/texmf-dist/tex/generic/pgf/systemlayer/pgfsysprotocol.code.
tex
File: pgfsysprotocol.code.tex 2023-01-15 v3.1.10 (3.1.10)
))
(/usr/share/texlive/texmf-dist/tex/generic/pgf/basiclayer/pgfcore.code.tex
Package: pgfcore 2023-01-15 v3.1.10 (3.1.10)

(/usr/share/texlive/texmf-dist/tex/generic/pgf/math/pgfmath.code.tex
(/usr/share/texlive/texmf-dist/tex/generic/pgf/math/pgfmathutil.code.tex)
(/usr/share/texlive/texmf-dist/tex/generic/pgf/math/pgfmathparser.code.tex
\pgfmath@dimen=\dimen186
\pgfmath@count=\count303
\pgfmath@box=\box57
\pgfmath@toks=\toks42
\pgfmath@stack@operand=\toks43
\pgfmath@stack@operation=\toks44
)
(/usr/share/texlive/texmf-dist/tex/generic/pgf/math/pgfmathfunctions.code.tex)
(/usr/share/texlive/texmf-dist/tex/generic/pgf/math/pgfmathfunctions.basic.code
.tex)
(/usr/share/texlive/texmf-dist/tex/generic/pgf/math/pgfmathfunctions.trigonomet
ric.code.tex)
(/usr/share/texlive/texmf-dist/tex/generic/pgf/math/pgfmathfunctions.random.cod
e.tex)
(/usr/share/texlive/texmf-dist/tex/generic/pgf/math/pgfmathfunctions.comparison
.code.tex)
(/usr/share/texlive/texmf-dist/tex/generic/pgf/math/pgfmathfunctions.base.code.
tex)
(/usr/share/texlive/texmf-dist/tex/generic/pgf/math/pgfmathfunctions.round.code
.tex)
(/usr/share/texlive/texmf-dist/tex/generic/pgf/math/pgfmathfunctions.misc.code.
tex)
(/usr/share/texlive/texmf-dist/tex/generic/pgf/math/pgfmathfunctions.integerari
thmetics.code.tex)
(/usr/share/texlive/texmf-dist/tex/generic/pgf/math/pgfmathcalc.code.tex)
(/usr/share/texlive/texmf-dist/tex/generic/pgf/math/pgfmathfloat.code.tex
\c@pgfmathroundto@lastzeros=\count304
))
(/usr/share/texlive/texmf-dist/tex/generic/pgf/math/pgfint.code.tex)
(/usr/share/texlive/texmf-dist/tex/generic/pgf/basiclayer/pgfcorepoints.code.te
x
File: pgfcorepoints.code.tex 2023-01-15 v3.1.10 (3.1.10)
\pgf@picminx=\dimen187
\pgf@picmaxx=\dimen188
\pgf@picminy=\dimen189
\pgf@picmaxy=\dimen190
\pgf@pathminx=\dimen191
\pgf@pathmaxx=\dimen192
\pgf@pathminy=\dimen193
\pgf@pathmaxy=\dimen194
\pgf@xx=\dimen195
\pgf@xy=\dimen196
\pgf@yx=\dimen197
\pgf@yy=\dimen198
\pgf@zx=\dimen199
\pgf@zy=\dimen256
)
(/usr/share/texlive/texmf-dist/tex/generic/pgf/basiclayer/pgfcorepathconstruct.
code.tex
File: pgfcorepathconstruct.code.tex 2023-01-15 v3.1.10 (3.1.10)
\pgf@path@lastx=\dimen257
\pgf@path@lasty=\dimen258
)
(/usr/share/texlive/texmf-dist/tex/generic/pgf/basiclayer/pgfcorepathusage.code
.tex
File: pgfcorepathusage.code.tex 2023-01-15 v3.1.10 (3.1.10)
\pgf@shorten@end@additional=\dimen259
\pgf@shorten@start@additional=\dimen260
)
(/usr/share/texlive/texmf-dist/tex/generic/pgf/basiclayer/pgfcorescopes.code.te
x
File: pgfcorescopes.code.tex 2023-01-15 v3.1.10 (3.1.10)
\pgfpic=\box58
\pgf@hbox=\box59
\pgf@layerbox@main=\box60
\pgf@picture@serial@count=\count305
)
(/usr/share/texlive/texmf-dist/tex/generic/pgf/basiclayer/pgfcoregraphicstate.c
ode.tex
File: pgfcoregraphicstate.code.tex 2023-01-15 v3.1.10 (3.1.10)
\pgflinewidth=\dimen261
)
(/usr/share/texlive/texmf-dist/tex/generic/pgf/basiclayer/pgfcoretransformation
s.code.tex
File: pgfcoretransformations.code.tex 2023-01-15 v3.1.10 (3.1.10)
\pgf@pt@x=\dimen262
\pgf@pt@y=\dimen263
\pgf@pt@temp=\dimen264
)
(/usr/share/texlive/texmf-dist/tex/generic/pgf/basiclayer/pgfcorequick.code.tex
File: pgfcorequick.code.tex 2023-01-15 v3.1.10 (3.1.10)
)
(/usr/share/texlive/texmf-dist/tex/generic/pgf/basiclayer/pgfcoreobjects.code.t
ex
File: pgfcoreobjects.code.tex 2023-01-15 v3.1.10 (3.1.10)
)
(/usr/share/texlive/texmf-dist/tex/generic/pgf/basiclayer/pgfcorepathprocessing
.code.tex
File: pgfcorepathprocessing.code.tex 2023-01-15 v3.1.10 (3.1.10)
)
(/usr/share/texlive/texmf-dist/tex/generic/pgf/basiclayer/pgfcorearrows.code.te
x
File: pgfcorearrows.code.tex 2023-01-15 v3.1.10 (3.1.10)
\pgfarrowsep=\dimen265
)
(/usr/share/texlive/texmf-dist/tex/generic/pgf/basiclayer/pgfcoreshade.code.tex
File: pgfcoreshade.code.tex 2023-01-15 v3.1.10 (3.1.10)
\pgf@max=\dimen266
\pgf@sys@shading@range@num=\count306
\pgf@shadingcount=\count307
)
(/usr/share/texlive/texmf-dist/tex/generic/pgf/basiclayer/pgfcoreimage.code.tex
File: pgfcoreimage.code.tex 2023-01-15 v3.1.10 (3.1.10)
)
(/usr/share/texlive/texmf-dist/tex/generic/pgf/basiclayer/pgfcoreexternal.code.
tex
File: pgfcoreexternal.code.tex 2023-01-15 v3.1.10 (3.1.10)
\pgfexternal@startupbox=\box61
)
(/usr/share/texlive/texmf-dist/tex/generic/pgf/basiclayer/pgfcorelayers.code.te
x
File: pgfcorelayers.code.tex 2023-01-15 v3.1.10 (3.1.10)
)
(/usr/share/texlive/texmf-dist/tex/generic/pgf/basiclayer/pgfcoretransparency.c
ode.tex
File: pgfcoretransparency.code.tex 2023-01-15 v3.1.10 (3.1.10)
)
(/usr/share/texlive/texmf-dist/tex/generic/pgf/basiclayer/pgfcorepatterns.code.
tex
File: pgfcorepatterns.code.tex 2023-01-15 v3.1.10 (3.1.10)
)
(/usr/share/texlive/texmf-dist/tex/generic/pgf/basiclayer/pgfcorerdf.code.tex
File: pgfcorerdf.code.tex 2023-01-15 v3.1.10 (3.1.10)
)))
(/usr/share/texlive/texmf-dist/tex/generic/pgf/modules/pgfmoduleshapes.code.tex
File: pgfmoduleshapes.code.tex 2023-01-15 v3.1.10 (3.1.10)
\pgfnodeparttextbox=\box62
) (/usr/share/texlive/texmf-dist/tex/generic/pgf/modules/pgfmoduleplot.code.tex
File: pgfmoduleplot.code.tex 2023-01-15 v3.1.10 (3.1.10)
)
(/usr/share/texlive/texmf-dist/tex/latex/pgf/compatibility/pgfcomp-version-0-65
.sty
Package: pgfcomp-version-0-65 2023-01-15 v3.1.10 (3.1.10)
\pgf@nodesepstart=\dimen267
\pgf@nodesepend=\dimen268
)
(/usr/share/texlive/texmf-dist/tex/latex/pgf/compatibility/pgfcomp-version-1-18
.sty
Package: pgfcomp-version-1-18 2023-01-15 v3.1.10 (3.1.10)
)) (/usr/share/texlive/texmf-dist/tex/latex/pgf/utilities/pgffor.sty
(/usr/share/texlive/texmf-dist/tex/latex/pgf/utilities/pgfkeys.sty
(/usr/share/texlive/texmf-dist/tex/generic/pgf/utilities/pgfkeys.code.tex))
(/usr/share/texlive/texmf-dist/tex/latex/pgf/math/pgfmath.sty
(/usr/share/texlive/texmf-dist/tex/generic/pgf/math/pgfmath.code.tex))
(/usr/share/texlive/texmf-dist/tex/generic/pgf/utilities/pgffor.code.tex
Package: pgffor 2023-01-15 v3.1.10 (3.1.10)
\pgffor@iter=\dimen269
\pgffor@skip=\dimen270
\pgffor@stack=\toks45
\pgffor@toks=\toks46
))
(/usr/share/texlive/texmf-dist/tex/generic/pgf/frontendlayer/tikz/tikz.code.tex
Package: tikz 2023-01-15 v3.1.10 (3.1.10)

(/usr/share/texlive/texmf-dist/tex/generic/pgf/libraries/pgflibraryplothandlers
.code.tex
File: pgflibraryplothandlers.code.tex 2023-01-15 v3.1.10 (3.1.10)
\pgf@plot@mark@count=\count308
\pgfplotmarksize=\dimen271
)
\tikz@lastx=\dimen272
\tikz@lasty=\dimen273
\tikz@lastxsaved=\dimen274
\tikz@lastysaved=\dimen275
\tikz@lastmovetox=\dimen276
\tikz@lastmovetoy=\dimen277
\tikzleveldistance=\dimen278
\tikzsiblingdistance=\dimen279
\tikz@figbox=\box63
\tikz@figbox@bg=\box64
\tikz@tempbox=\box65
\tikz@tempbox@bg=\box66
\tikztreelevel=\count309
\tikznumberofchildren=\count310
\tikznumberofcurrentchild=\count311
\tikz@fig@count=\count312

(/usr/share/texlive/texmf-dist/tex/generic/pgf/modules/pgfmodulematrix.code.tex
File: pgfmodulematrix.code.tex 2023-01-15 v3.1.10 (3.1.10)
\pgfmatrixcurrentrow=\count313
\pgfmatrixcurrentcolumn=\count314
\pgf@matrix@numberofcolumns=\count315
)
\tikz@expandcount=\count316

(/usr/share/texlive/texmf-dist/tex/generic/pgf/frontendlayer/tikz/libraries/tik
zlibrarytopaths.code.tex
File: tikzlibrarytopaths.code.tex 2023-01-15 v3.1.10 (3.1.10)
)))
(/usr/share/texlive/texmf-dist/tex/latex/tikz-cd/tikz-cd.sty
Package: tikz-cd 2021/05/04 v1.0 Commutative diagrams with TikZ

(/usr/share/texlive/texmf-dist/tex/generic/tikz-cd/tikzlibrarycd.code.tex
(/usr/share/texlive/texmf-dist/tex/generic/pgf/frontendlayer/tikz/libraries/tik
zlibrarymatrix.code.tex
File: tikzlibrarymatrix.code.tex 2023-01-15 v3.1.10 (3.1.10)
)
(/usr/share/texlive/texmf-dist/tex/generic/pgf/frontendlayer/tikz/libraries/tik
zlibraryquotes.code.tex
File: tikzlibraryquotes.code.tex 2023-01-15 v3.1.10 (3.1.10)
)
(/usr/share/texlive/texmf-dist/tex/generic/pgf/libraries/pgflibraryarrows.meta.
code.tex
File: pgflibraryarrows.meta.code.tex 2023-01-15 v3.1.10 (3.1.10)
\pgfarrowinset=\dimen280
\pgfarrowlength=\dimen281
\pgfarrowwidth=\dimen282
\pgfarrowlinewidth=\dimen283
))) (/usr/share/texlive/texmf-dist/tex/latex/fancyhdr/fancyhdr.sty
Package: fancyhdr 2022/11/09 v4.1 Extensive control of page headers and footers

\f@nch@headwidth=\skip61
\f@nch@O@elh=\skip62
\f@nch@O@erh=\skip63
\f@nch@O@olh=\skip64
\f@nch@O@orh=\skip65
\f@nch@O@elf=\skip66
\f@nch@O@erf=\skip67
\f@nch@O@olf=\skip68
\f@nch@O@orf=\skip69
)
(/usr/share/texlive/texmf-dist/tex/latex/natbib/natbib.sty
Package: natbib 2010/09/13 8.31b (PWD, AO)
\bibhang=\skip70
\bibsep=\skip71
LaTeX Info: Redefining \cite on input line 694.
\c@NAT@ctr=\count317
)
(/usr/share/texlive/texmf-dist/tex/latex/hyperref/hyperref.sty
Package: hyperref 2024-01-20 v7.01h Hypertext links for LaTeX

(/usr/share/texlive/texmf-dist/tex/latex/kvsetkeys/kvsetkeys.sty
Package: kvsetkeys 2022-10-05 v1.19 Key value parser (HO)
)
(/usr/share/texlive/texmf-dist/tex/generic/kvdefinekeys/kvdefinekeys.sty
Package: kvdefinekeys 2019-12-19 v1.6 Define keys (HO)
)
(/usr/share/texlive/texmf-dist/tex/generic/pdfescape/pdfescape.sty
Package: pdfescape 2019/12/09 v1.15 Implements pdfTeX's escape features (HO)

(/usr/share/texlive/texmf-dist/tex/generic/ltxcmds/ltxcmds.sty
Package: ltxcmds 2023-12-04 v1.26 LaTeX kernel commands for general use (HO)
)
(/usr/share/texlive/texmf-dist/tex/generic/pdftexcmds/pdftexcmds.sty
Package: pdftexcmds 2020-06-27 v0.33 Utility functions of pdfTeX for LuaTeX (HO
)

(/usr/share/texlive/texmf-dist/tex/generic/infwarerr/infwarerr.sty
Package: infwarerr 2019/12/03 v1.5 Providing info/warning/error messages (HO)
)
Package pdftexcmds Info: \pdf@primitive is available.
Package pdftexcmds Info: \pdf@ifprimitive is available.
Package pdftexcmds Info: \pdfdraftmode found.
\pdftexcmds@toks=\toks47
))
(/usr/share/texlive/texmf-dist/tex/latex/hycolor/hycolor.sty
Package: hycolor 2020-01-27 v1.10 Color options for hyperref/bookmark (HO)
)
(/usr/share/texlive/texmf-dist/tex/latex/auxhook/auxhook.sty
Package: auxhook 2019-12-17 v1.6 Hooks for auxiliary files (HO)
)
(/usr/share/texlive/texmf-dist/tex/latex/hyperref/nameref.sty
Package: nameref 2023-11-26 v2.56 Cross-referencing by name of section

(/usr/share/texlive/texmf-dist/tex/latex/refcount/refcount.sty
Package: refcount 2019/12/15 v3.6 Data extraction from label references (HO)
)
(/usr/share/texlive/texmf-dist/tex/generic/gettitlestring/gettitlestring.sty
Package: gettitlestring 2019/12/15 v1.6 Cleanup title references (HO)

(/usr/share/texlive/texmf-dist/tex/latex/kvoptions/kvoptions.sty
Package: kvoptions 2022-06-15 v3.15 Key value format for package options (HO)
))
\c@section@level=\count318
)
\@linkdim=\dimen284
\Hy@linkcounter=\count319
\Hy@pagecounter=\count320

(/usr/share/texlive/texmf-dist/tex/latex/hyperref/pd1enc.def
File: pd1enc.def 2024-01-20 v7.01h Hyperref: PDFDocEncoding definition (HO)
)
(/usr/share/texlive/texmf-dist/tex/generic/intcalc/intcalc.sty
Package: intcalc 2019/12/15 v1.3 Expandable calculations with integers (HO)
)
\Hy@SavedSpaceFactor=\count321

(/usr/share/texlive/texmf-dist/tex/latex/hyperref/puenc.def
File: puenc.def 2024-01-20 v7.01h Hyperref: PDF Unicode definition (HO)
)
Package hyperref Info: Option `colorlinks' set `true' on input line 4062.
Package hyperref Info: Hyper figures OFF on input line 4179.
Package hyperref Info: Link nesting OFF on input line 4184.
Package hyperref Info: Hyper index ON on input line 4187.
Package hyperref Info: Plain pages OFF on input line 4194.
Package hyperref Info: Backreferencing OFF on input line 4199.
Package hyperref Info: Implicit mode ON; LaTeX internals redefined.
Package hyperref Info: Bookmarks ON on input line 4446.
\c@Hy@tempcnt=\count322

(/usr/share/texlive/texmf-dist/tex/latex/url/url.sty
\Urlmuskip=\muskip18
Package: url 2013/09/16  ver 3.4  Verb mode for urls, etc.
)
LaTeX Info: Redefining \url on input line 4784.
\XeTeXLinkMargin=\dimen285

(/usr/share/texlive/texmf-dist/tex/generic/bitset/bitset.sty
Package: bitset 2019/12/09 v1.3 Handle bit-vector datatype (HO)

(/usr/share/texlive/texmf-dist/tex/generic/bigintcalc/bigintcalc.sty
Package: bigintcalc 2019/12/15 v1.5 Expandable calculations on big integers (HO
)
))
\Fld@menulength=\count323
\Field@Width=\dimen286
\Fld@charsize=\dimen287
Package hyperref Info: Hyper figures OFF on input line 6063.
Package hyperref Info: Link nesting OFF on input line 6068.
Package hyperref Info: Hyper index ON on input line 6071.
Package hyperref Info: backreferencing OFF on input line 6078.
Package hyperref Info: Link coloring ON on input line 6081.
Package hyperref Info: Link coloring with OCG OFF on input line 6088.
Package hyperref Info: PDF/A mode OFF on input line 6093.

(/usr/share/texlive/texmf-dist/tex/latex/base/atbegshi-ltx.sty
Package: atbegshi-ltx 2021/01/10 v1.0c Emulation of the original atbegshi
package with kernel methods
)
\Hy@abspage=\count324
\c@Item=\count325
\c@Hfootnote=\count326
)
Package hyperref Info: Driver (autodetected): hluatex.

(/usr/share/texlive/texmf-dist/tex/latex/hyperref/hluatex.def
File: hluatex.def 2024-01-20 v7.01h Hyperref driver for luaTeX

(/usr/share/texlive/texmf-dist/tex/generic/stringenc/stringenc.sty
Package: stringenc 2019/11/29 v1.12 Convert strings between diff. encodings (HO
)
)
(/usr/share/texlive/texmf-dist/tex/latex/base/atveryend-ltx.sty
Package: atveryend-ltx 2020/08/19 v1.0a Emulation of the original atveryend pac
kage
with kernel methods
)
\Fld@listcount=\count327
\c@bookmark@seq@number=\count328

(/usr/share/texlive/texmf-dist/tex/latex/rerunfilecheck/rerunfilecheck.sty
Package: rerunfilecheck 2022-07-10 v1.10 Rerun checks for auxiliary files (HO)

(/usr/share/texlive/texmf-dist/tex/generic/uniquecounter/uniquecounter.sty
Package: uniquecounter 2019/12/15 v1.4 Provide unlimited unique counter (HO)
)
Package uniquecounter Info: New unique counter `rerunfilecheck' on input line 2
85.
)
\Hy@SectionHShift=\skip72
)
(/usr/share/texlive/texmf-dist/tex/latex/titlesec/titlesec.sty
Package: titlesec 2023/10/27 v2.16 Sectioning titles
\ttl@box=\box67
\beforetitleunit=\skip73
\aftertitleunit=\skip74
\ttl@plus=\dimen288
\ttl@minus=\dimen289
\ttl@toksa=\toks48
\titlewidth=\dimen290
\titlewidthlast=\dimen291
\titlewidthfirst=\dimen292
)
\c@theorem=\count329

No file constraint_before_completion-draft.aux.

\openout1 = constraint_before_completion-draft.aux
LaTeX Font Info:    Checking defaults for OML/cmm/m/it on input line 90.
LaTeX Font Info:    ... okay on input line 90.
LaTeX Font Info:    Checking defaults for OMS/cmsy/m/n on input line 90.
LaTeX Font Info:    ... okay on input line 90.
LaTeX Font Info:    Checking defaults for OT1/cmr/m/n on input line 90.
LaTeX Font Info:    ... okay on input line 90.
LaTeX Font Info:    Checking defaults for T1/cmr/m/n on input line 90.
LaTeX Font Info:    ... okay on input line 90.
LaTeX Font Info:    Checking defaults for TS1/cmr/m/n on input line 90.
LaTeX Font Info:    ... okay on input line 90.
LaTeX Font Info:    Checking defaults for TU/lmr/m/n on input line 90.
LaTeX Font Info:    ... okay on input line 90.
LaTeX Font Info:    Checking defaults for OMX/cmex/m/n on input line 90.
LaTeX Font Info:    ... okay on input line 90.
LaTeX Font Info:    Checking defaults for U/cmr/m/n on input line 90.
LaTeX Font Info:    ... okay on input line 90.
LaTeX Font Info:    Checking defaults for PD1/pdf/m/n on input line 90.
LaTeX Font Info:    ... okay on input line 90.
LaTeX Font Info:    Checking defaults for PU/pdf/m/n on input line 90.
LaTeX Font Info:    ... okay on input line 90.
LaTeX Font Info:    Overwriting math alphabet `\mathrm' in version `normal'
(Font)                  TU/KpMath-Regular.otf(1)/m/n --> TU/KpRoman(1)/m/n on i
nput line 90.
LaTeX Font Info:    Overwriting math alphabet `\mathit' in version `normal'
(Font)                  OT1/cmr/m/it --> TU/KpRoman(1)/m/it on input line 90.
LaTeX Font Info:    Overwriting math alphabet `\mathbf' in version `normal'
(Font)                  OT1/cmr/bx/n --> TU/KpRoman(1)/b/n on input line 90.
LaTeX Font Info:    Overwriting math alphabet `\mathsf' in version `normal'
(Font)                  OT1/cmss/m/n --> TU/KpSans(0)/m/n on input line 90.
LaTeX Font Info:    Overwriting math alphabet `\mathsf' in version `bold'
(Font)                  OT1/cmss/bx/n --> TU/KpSans(0)/b/n on input line 90.
LaTeX Font Info:    Overwriting math alphabet `\mathtt' in version `normal'
(Font)                  OT1/cmtt/m/n --> TU/KpMono(0)/m/n on input line 90.
LaTeX Font Info:    Overwriting math alphabet `\mathtt' in version `bold'
(Font)                  OT1/cmtt/m/n --> TU/KpMono(0)/b/n on input line 90.

Package unicode-math Warning: Using \overbracket and \underbracket from
(unicode-math)                `mathtools' package.
(unicode-math)                 
(unicode-math)                 Use \Uoverbracket and \Uunderbracket for
(unicode-math)                original `unicode-math' definition.


Package unicode-math Warning: I'm going to overwrite the following commands
(unicode-math)                from the `mathtools' package: 
(unicode-math)                 
(unicode-math)                     \dblcolon, \coloneqq, \Coloneqq, \eqqcolon.
(unicode-math)                
(unicode-math)                 
(unicode-math)                 Note that since I won't overwrite the other
(unicode-math)                colon-like commands, using them will lead to
(unicode-math)                inconsistencies.

LaTeX Info: Redefining \idotsint on input line 90.

Package kpfonts-otf Warning: kpfonts-otf provides all AMS symbols.
(kpfonts-otf)                Loading amssymb.sty is not advisable.
(kpfonts-otf)                Reported on input line 90.

*geometry* driver: auto-detecting
*geometry* detected driver: luatex
*geometry* verbose mode - [ preamble ] result:
* driver: luatex
* paper: <default>
* layout: <same size as paper>
* layoutoffset:(h,v)=(0.0pt,0.0pt)
* modes: twoside 
* h-part:(L,W,R)=(101.17755pt, 440.84746pt, 72.26999pt)
* v-part:(T,H,B)=(90.3375pt, 614.295pt, 90.3375pt)
* \paperwidth=614.295pt
* \paperheight=794.96999pt
* \textwidth=440.84746pt
* \textheight=614.295pt
* \oddsidemargin=28.90756pt
* \evensidemargin=0.0pt
* \topmargin=-18.9325pt
* \headheight=12.0pt
* \headsep=25.0pt
* \topskip=12.0pt
* \footskip=30.0pt
* \marginparwidth=57.81621pt
* \marginparsep=10.0pt
* \columnsep=10.0pt
* \skip\footins=10.8pt plus 4.0pt minus 2.0pt
* \hoffset=0.0pt
* \voffset=0.0pt
* \mag=1000
* \@twocolumnfalse
* \@twosidetrue
* \@mparswitchtrue
* \@reversemarginfalse
* (1in=72.27pt=25.4mm, 1cm=28.453pt)

LaTeX Info: Redefining \microtypecontext on input line 90.
Package microtype Info: Applying patch `item' on input line 90.
Package microtype Info: Applying patch `toc' on input line 90.
Package microtype Info: Applying patch `eqnum' on input line 90.
Package microtype Info: Applying patch `footnote' on input line 90.
Package microtype Info: Applying patch `verbatim' on input line 90.
Package microtype Info: Generating PDF output.
Package microtype Info: Character protrusion enabled (level 2).
Package microtype Info: Using default protrusion set `alltext'.
Package microtype Info: No font expansion.
Package microtype Info: No adjustment of tracking.
Package microtype Info: No adjustment of spacing.
Package microtype Info: No adjustment of kerning.
Package microtype Info: Loading generic protrusion settings for font family
(microtype)             `KpRoman' (encoding: TU).
(microtype)             For optimal results, create family-specific settings.
(microtype)             See the microtype manual for details.
(/usr/share/texlive/texmf-dist/tex/context/base/mkii/supp-pdf.mkii
[Loading MPS to PDF converter (version 2006.09.02).]
\scratchcounter=\count330
\scratchdimen=\dimen293
\scratchbox=\box68
\nofMPsegments=\count331
\nofMParguments=\count332
\everyMPshowfont=\toks49
\MPscratchCnt=\count333
\MPscratchDim=\dimen294
\MPnumerator=\count334
\makeMPintoPDFobject=\count335
\everyMPtoPDFconversion=\toks50
) (/usr/share/texlive/texmf-dist/tex/latex/epstopdf-pkg/epstopdf-base.sty
Package: epstopdf-base 2020-01-24 v2.11 Base part for package epstopdf
Package epstopdf-base Info: Redefining graphics rule for `.eps' on input line 4
85.

(/usr/share/texlive/texmf-dist/tex/latex/latexconfig/epstopdf-sys.cfg
File: epstopdf-sys.cfg 2010/07/13 v1.3 Configuration of (r)epstopdf for TeX Liv
e
))
Package hyperref Info: Link coloring ON on input line 90.
\@outlinefile=\write4

\openout4 = constraint_before_completion-draft.out
Package microtype Info: Loading generic protrusion settings for font family
(microtype)             `KpMath-Regular.otf' (encoding: TU).
(microtype)             For optimal results, create family-specific settings.
(microtype)             See the microtype manual for details.
Package microtype Info: Character `~ (= ~)' is missing
(microtype)             in font `TU/KpMath-Regular.otf(1)/m/n/14.4'.
(microtype)             Ignoring protrusion settings for this character.
Package microtype Info: Character `*' is missing
(microtype)             in font `TU/KpMath-Regular.otf(1)/m/n/14.4'.
(microtype)             Ignoring protrusion settings for this character.
Package microtype Info: Character `-' is missing
(microtype)             in font `TU/KpMath-Regular.otf(1)/m/n/14.4'.
(microtype)             Ignoring protrusion settings for this character.
Package microtype Info: Character `textquoteleft ' is missing
(microtype)             in font `TU/KpMath-Regular.otf(1)/m/n/14.4'.
(microtype)             Ignoring protrusion settings for this character.
Package microtype Info: Character `textquoteright ' is missing
(microtype)             in font `TU/KpMath-Regular.otf(1)/m/n/14.4'.
(microtype)             Ignoring protrusion settings for this character.
Package microtype Info: Character `textquotedblleft ' is missing
(microtype)             in font `TU/KpMath-Regular.otf(1)/m/n/14.4'.
(microtype)             Ignoring protrusion settings for this character.
Package microtype Info: Character `textquotedblright ' is missing
(microtype)             in font `TU/KpMath-Regular.otf(1)/m/n/14.4'.
(microtype)             Ignoring protrusion settings for this character.
Package microtype Info: Character `AE ' is missing
(microtype)             in font `TU/KpMath-Regular.otf(1)/m/n/14.4'.
(microtype)             Ignoring protrusion settings for this character.
Package microtype Info: Character `_' is missing
(microtype)             in font `TU/KpMath-Regular.otf(1)/m/n/14.4'.
(microtype)             Ignoring protrusion settings for this character.
Package microtype Info: Character `quotesinglbase ' is missing
(microtype)             in font `TU/KpMath-Regular.otf(1)/m/n/14.4'.
(microtype)             Ignoring protrusion settings for this character.
Package microtype Info: Character `quotedblbase ' is missing
(microtype)             in font `TU/KpMath-Regular.otf(1)/m/n/14.4'.
(microtype)             Ignoring protrusion settings for this character.
Package microtype Info: Character `guilsinglleft ' is missing
(microtype)             in font `TU/KpMath-Regular.otf(1)/m/n/14.4'.
(microtype)             Ignoring protrusion settings for this character.
Package microtype Info: Character `guilsinglright ' is missing
(microtype)             in font `TU/KpMath-Regular.otf(1)/m/n/14.4'.
(microtype)             Ignoring protrusion settings for this character.
Package microtype Info: Character `guillemotleft ' is missing
(microtype)             in font `TU/KpMath-Regular.otf(1)/m/n/14.4'.
(microtype)             Ignoring protrusion settings for this character.
Package microtype Info: Character `guillemotright ' is missing
(microtype)             in font `TU/KpMath-Regular.otf(1)/m/n/14.4'.
(microtype)             Ignoring protrusion settings for this character.
Package microtype Info: Character `textexclamdown ' is missing
(microtype)             in font `TU/KpMath-Regular.otf(1)/m/n/14.4'.
(microtype)             Ignoring protrusion settings for this character.
Package microtype Info: Character `textquestiondown ' is missing
(microtype)             in font `TU/KpMath-Regular.otf(1)/m/n/14.4'.
(microtype)             Ignoring protrusion settings for this character.
Package microtype Info: Character `~ (= ~)' is missing
(microtype)             in font `TU/KpMath-Regular.otf(1)/m/n/10'.
(microtype)             Ignoring protrusion settings for this character.
Package microtype Info: Character `*' is missing
(microtype)             in font `TU/KpMath-Regular.otf(1)/m/n/10'.
(microtype)             Ignoring protrusion settings for this character.
Package microtype Info: Character `-' is missing
(microtype)             in font `TU/KpMath-Regular.otf(1)/m/n/10'.
(microtype)             Ignoring protrusion settings for this character.
Package microtype Info: Character `textquoteleft ' is missing
(microtype)             in font `TU/KpMath-Regular.otf(1)/m/n/10'.
(microtype)             Ignoring protrusion settings for this character.
Package microtype Info: Character `textquoteright ' is missing
(microtype)             in font `TU/KpMath-Regular.otf(1)/m/n/10'.
(microtype)             Ignoring protrusion settings for this character.
Package microtype Info: Character `textquotedblleft ' is missing
(microtype)             in font `TU/KpMath-Regular.otf(1)/m/n/10'.
(microtype)             Ignoring protrusion settings for this character.
Package microtype Info: Character `textquotedblright ' is missing
(microtype)             in font `TU/KpMath-Regular.otf(1)/m/n/10'.
(microtype)             Ignoring protrusion settings for this character.
Package microtype Info: Character `AE ' is missing
(microtype)             in font `TU/KpMath-Regular.otf(1)/m/n/10'.
(microtype)             Ignoring protrusion settings for this character.
Package microtype Info: Character `_' is missing
(microtype)             in font `TU/KpMath-Regular.otf(1)/m/n/10'.
(microtype)             Ignoring protrusion settings for this character.
Package microtype Info: Character `quotesinglbase ' is missing
(microtype)             in font `TU/KpMath-Regular.otf(1)/m/n/10'.
(microtype)             Ignoring protrusion settings for this character.
Package microtype Info: Character `quotedblbase ' is missing
(microtype)             in font `TU/KpMath-Regular.otf(1)/m/n/10'.
(microtype)             Ignoring protrusion settings for this character.
Package microtype Info: Character `guilsinglleft ' is missing
(microtype)             in font `TU/KpMath-Regular.otf(1)/m/n/10'.
(microtype)             Ignoring protrusion settings for this character.
Package microtype Info: Character `guilsinglright ' is missing
(microtype)             in font `TU/KpMath-Regular.otf(1)/m/n/10'.
(microtype)             Ignoring protrusion settings for this character.
Package microtype Info: Character `guillemotleft ' is missing
(microtype)             in font `TU/KpMath-Regular.otf(1)/m/n/10'.
(microtype)             Ignoring protrusion settings for this character.
Package microtype Info: Character `guillemotright ' is missing
(microtype)             in font `TU/KpMath-Regular.otf(1)/m/n/10'.
(microtype)             Ignoring protrusion settings for this character.
Package microtype Info: Character `textexclamdown ' is missing
(microtype)             in font `TU/KpMath-Regular.otf(1)/m/n/10'.
(microtype)             Ignoring protrusion settings for this character.
Package microtype Info: Character `textquestiondown ' is missing
(microtype)             in font `TU/KpMath-Regular.otf(1)/m/n/10'.
(microtype)             Ignoring protrusion settings for this character.
Package microtype Info: Character `~ (= ~)' is missing
(microtype)             in font `TU/KpMath-Regular.otf(1)/m/n/7'.
(microtype)             Ignoring protrusion settings for this character.
Package microtype Info: Character `*' is missing
(microtype)             in font `TU/KpMath-Regular.otf(1)/m/n/7'.
(microtype)             Ignoring protrusion settings for this character.
Package microtype Info: Character `-' is missing
(microtype)             in font `TU/KpMath-Regular.otf(1)/m/n/7'.
(microtype)             Ignoring protrusion settings for this character.
Package microtype Info: Character `textquoteleft ' is missing
(microtype)             in font `TU/KpMath-Regular.otf(1)/m/n/7'.
(microtype)             Ignoring protrusion settings for this character.
Package microtype Info: Character `textquoteright ' is missing
(microtype)             in font `TU/KpMath-Regular.otf(1)/m/n/7'.
(microtype)             Ignoring protrusion settings for this character.
Package microtype Info: Character `textquotedblleft ' is missing
(microtype)             in font `TU/KpMath-Regular.otf(1)/m/n/7'.
(microtype)             Ignoring protrusion settings for this character.
Package microtype Info: Character `textquotedblright ' is missing
(microtype)             in font `TU/KpMath-Regular.otf(1)/m/n/7'.
(microtype)             Ignoring protrusion settings for this character.
Package microtype Info: Character `AE ' is missing
(microtype)             in font `TU/KpMath-Regular.otf(1)/m/n/7'.
(microtype)             Ignoring protrusion settings for this character.
Package microtype Info: Character `_' is missing
(microtype)             in font `TU/KpMath-Regular.otf(1)/m/n/7'.
(microtype)             Ignoring protrusion settings for this character.
Package microtype Info: Character `quotesinglbase ' is missing
(microtype)             in font `TU/KpMath-Regular.otf(1)/m/n/7'.
(microtype)             Ignoring protrusion settings for this character.
Package microtype Info: Character `quotedblbase ' is missing
(microtype)             in font `TU/KpMath-Regular.otf(1)/m/n/7'.
(microtype)             Ignoring protrusion settings for this character.
Package microtype Info: Character `guilsinglleft ' is missing
(microtype)             in font `TU/KpMath-Regular.otf(1)/m/n/7'.
(microtype)             Ignoring protrusion settings for this character.
Package microtype Info: Character `guilsinglright ' is missing
(microtype)             in font `TU/KpMath-Regular.otf(1)/m/n/7'.
(microtype)             Ignoring protrusion settings for this character.
Package microtype Info: Character `guillemotleft ' is missing
(microtype)             in font `TU/KpMath-Regular.otf(1)/m/n/7'.
(microtype)             Ignoring protrusion settings for this character.
Package microtype Info: Character `guillemotright ' is missing
(microtype)             in font `TU/KpMath-Regular.otf(1)/m/n/7'.
(microtype)             Ignoring protrusion settings for this character.
Package microtype Info: Character `textexclamdown ' is missing
(microtype)             in font `TU/KpMath-Regular.otf(1)/m/n/7'.
(microtype)             Ignoring protrusion settings for this character.
Package microtype Info: Character `textquestiondown ' is missing
(microtype)             in font `TU/KpMath-Regular.otf(1)/m/n/7'.
(microtype)             Ignoring protrusion settings for this character.
Package microtype Info: Character `~ (= ~)' is missing
(microtype)             in font `TU/KpMath-Regular.otf(2)/m/n/14.4'.
(microtype)             Ignoring protrusion settings for this character.
Package microtype Info: Character `*' is missing
(microtype)             in font `TU/KpMath-Regular.otf(2)/m/n/14.4'.
(microtype)             Ignoring protrusion settings for this character.
Package microtype Info: Character `-' is missing
(microtype)             in font `TU/KpMath-Regular.otf(2)/m/n/14.4'.
(microtype)             Ignoring protrusion settings for this character.
Package microtype Info: Character `textquoteleft ' is missing
(microtype)             in font `TU/KpMath-Regular.otf(2)/m/n/14.4'.
(microtype)             Ignoring protrusion settings for this character.
Package microtype Info: Character `textquoteright ' is missing
(microtype)             in font `TU/KpMath-Regular.otf(2)/m/n/14.4'.
(microtype)             Ignoring protrusion settings for this character.
Package microtype Info: Character `textquotedblleft ' is missing
(microtype)             in font `TU/KpMath-Regular.otf(2)/m/n/14.4'.
(microtype)             Ignoring protrusion settings for this character.
Package microtype Info: Character `textquotedblright ' is missing
(microtype)             in font `TU/KpMath-Regular.otf(2)/m/n/14.4'.
(microtype)             Ignoring protrusion settings for this character.
Package microtype Info: Character `AE ' is missing
(microtype)             in font `TU/KpMath-Regular.otf(2)/m/n/14.4'.
(microtype)             Ignoring protrusion settings for this character.
Package microtype Info: Character `_' is missing
(microtype)             in font `TU/KpMath-Regular.otf(2)/m/n/14.4'.
(microtype)             Ignoring protrusion settings for this character.
Package microtype Info: Character `quotesinglbase ' is missing
(microtype)             in font `TU/KpMath-Regular.otf(2)/m/n/14.4'.
(microtype)             Ignoring protrusion settings for this character.
Package microtype Info: Character `quotedblbase ' is missing
(microtype)             in font `TU/KpMath-Regular.otf(2)/m/n/14.4'.
(microtype)             Ignoring protrusion settings for this character.
Package microtype Info: Character `guilsinglleft ' is missing
(microtype)             in font `TU/KpMath-Regular.otf(2)/m/n/14.4'.
(microtype)             Ignoring protrusion settings for this character.
Package microtype Info: Character `guilsinglright ' is missing
(microtype)             in font `TU/KpMath-Regular.otf(2)/m/n/14.4'.
(microtype)             Ignoring protrusion settings for this character.
Package microtype Info: Character `guillemotleft ' is missing
(microtype)             in font `TU/KpMath-Regular.otf(2)/m/n/14.4'.
(microtype)             Ignoring protrusion settings for this character.
Package microtype Info: Character `guillemotright ' is missing
(microtype)             in font `TU/KpMath-Regular.otf(2)/m/n/14.4'.
(microtype)             Ignoring protrusion settings for this character.
Package microtype Info: Character `textexclamdown ' is missing
(microtype)             in font `TU/KpMath-Regular.otf(2)/m/n/14.4'.
(microtype)             Ignoring protrusion settings for this character.
Package microtype Info: Character `textquestiondown ' is missing
(microtype)             in font `TU/KpMath-Regular.otf(2)/m/n/14.4'.
(microtype)             Ignoring protrusion settings for this character.
Package microtype Info: Character `~ (= ~)' is missing
(microtype)             in font `TU/KpMath-Regular.otf(2)/m/n/10'.
(microtype)             Ignoring protrusion settings for this character.
Package microtype Info: Character `*' is missing
(microtype)             in font `TU/KpMath-Regular.otf(2)/m/n/10'.
(microtype)             Ignoring protrusion settings for this character.
Package microtype Info: Character `-' is missing
(microtype)             in font `TU/KpMath-Regular.otf(2)/m/n/10'.
(microtype)             Ignoring protrusion settings for this character.
Package microtype Info: Character `textquoteleft ' is missing
(microtype)             in font `TU/KpMath-Regular.otf(2)/m/n/10'.
(microtype)             Ignoring protrusion settings for this character.
Package microtype Info: Character `textquoteright ' is missing
(microtype)             in font `TU/KpMath-Regular.otf(2)/m/n/10'.
(microtype)             Ignoring protrusion settings for this character.
Package microtype Info: Character `textquotedblleft ' is missing
(microtype)             in font `TU/KpMath-Regular.otf(2)/m/n/10'.
(microtype)             Ignoring protrusion settings for this character.
Package microtype Info: Character `textquotedblright ' is missing
(microtype)             in font `TU/KpMath-Regular.otf(2)/m/n/10'.
(microtype)             Ignoring protrusion settings for this character.
Package microtype Info: Character `AE ' is missing
(microtype)             in font `TU/KpMath-Regular.otf(2)/m/n/10'.
(microtype)             Ignoring protrusion settings for this character.
Package microtype Info: Character `_' is missing
(microtype)             in font `TU/KpMath-Regular.otf(2)/m/n/10'.
(microtype)             Ignoring protrusion settings for this character.
Package microtype Info: Character `quotesinglbase ' is missing
(microtype)             in font `TU/KpMath-Regular.otf(2)/m/n/10'.
(microtype)             Ignoring protrusion settings for this character.
Package microtype Info: Character `quotedblbase ' is missing
(microtype)             in font `TU/KpMath-Regular.otf(2)/m/n/10'.
(microtype)             Ignoring protrusion settings for this character.
Package microtype Info: Character `guilsinglleft ' is missing
(microtype)             in font `TU/KpMath-Regular.otf(2)/m/n/10'.
(microtype)             Ignoring protrusion settings for this character.
Package microtype Info: Character `guilsinglright ' is missing
(microtype)             in font `TU/KpMath-Regular.otf(2)/m/n/10'.
(microtype)             Ignoring protrusion settings for this character.
Package microtype Info: Character `guillemotleft ' is missing
(microtype)             in font `TU/KpMath-Regular.otf(2)/m/n/10'.
(microtype)             Ignoring protrusion settings for this character.
Package microtype Info: Character `guillemotright ' is missing
(microtype)             in font `TU/KpMath-Regular.otf(2)/m/n/10'.
(microtype)             Ignoring protrusion settings for this character.
Package microtype Info: Character `textexclamdown ' is missing
(microtype)             in font `TU/KpMath-Regular.otf(2)/m/n/10'.
(microtype)             Ignoring protrusion settings for this character.
Package microtype Info: Character `textquestiondown ' is missing
(microtype)             in font `TU/KpMath-Regular.otf(2)/m/n/10'.
(microtype)             Ignoring protrusion settings for this character.
Package microtype Info: Character `~ (= ~)' is missing
(microtype)             in font `TU/KpMath-Regular.otf(2)/m/n/7'.
(microtype)             Ignoring protrusion settings for this character.
Package microtype Info: Character `*' is missing
(microtype)             in font `TU/KpMath-Regular.otf(2)/m/n/7'.
(microtype)             Ignoring protrusion settings for this character.
Package microtype Info: Character `-' is missing
(microtype)             in font `TU/KpMath-Regular.otf(2)/m/n/7'.
(microtype)             Ignoring protrusion settings for this character.
Package microtype Info: Character `textquoteleft ' is missing
(microtype)             in font `TU/KpMath-Regular.otf(2)/m/n/7'.
(microtype)             Ignoring protrusion settings for this character.
Package microtype Info: Character `textquoteright ' is missing
(microtype)             in font `TU/KpMath-Regular.otf(2)/m/n/7'.
(microtype)             Ignoring protrusion settings for this character.
Package microtype Info: Character `textquotedblleft ' is missing
(microtype)             in font `TU/KpMath-Regular.otf(2)/m/n/7'.
(microtype)             Ignoring protrusion settings for this character.
Package microtype Info: Character `textquotedblright ' is missing
(microtype)             in font `TU/KpMath-Regular.otf(2)/m/n/7'.
(microtype)             Ignoring protrusion settings for this character.
Package microtype Info: Character `AE ' is missing
(microtype)             in font `TU/KpMath-Regular.otf(2)/m/n/7'.
(microtype)             Ignoring protrusion settings for this character.
Package microtype Info: Character `_' is missing
(microtype)             in font `TU/KpMath-Regular.otf(2)/m/n/7'.
(microtype)             Ignoring protrusion settings for this character.
Package microtype Info: Character `quotesinglbase ' is missing
(microtype)             in font `TU/KpMath-Regular.otf(2)/m/n/7'.
(microtype)             Ignoring protrusion settings for this character.
Package microtype Info: Character `quotedblbase ' is missing
(microtype)             in font `TU/KpMath-Regular.otf(2)/m/n/7'.
(microtype)             Ignoring protrusion settings for this character.
Package microtype Info: Character `guilsinglleft ' is missing
(microtype)             in font `TU/KpMath-Regular.otf(2)/m/n/7'.
(microtype)             Ignoring protrusion settings for this character.
Package microtype Info: Character `guilsinglright ' is missing
(microtype)             in font `TU/KpMath-Regular.otf(2)/m/n/7'.
(microtype)             Ignoring protrusion settings for this character.
Package microtype Info: Character `guillemotleft ' is missing
(microtype)             in font `TU/KpMath-Regular.otf(2)/m/n/7'.
(microtype)             Ignoring protrusion settings for this character.
Package microtype Info: Character `guillemotright ' is missing
(microtype)             in font `TU/KpMath-Regular.otf(2)/m/n/7'.
(microtype)             Ignoring protrusion settings for this character.
Package microtype Info: Character `textexclamdown ' is missing
(microtype)             in font `TU/KpMath-Regular.otf(2)/m/n/7'.
(microtype)             Ignoring protrusion settings for this character.
Package microtype Info: Character `textquestiondown ' is missing
(microtype)             in font `TU/KpMath-Regular.otf(2)/m/n/7'.
(microtype)             Ignoring protrusion settings for this character.
Package microtype Info: Character `~ (= ~)' is missing
(microtype)             in font `TU/KpMath-Regular.otf(3)/m/n/14.4'.
(microtype)             Ignoring protrusion settings for this character.
Package microtype Info: Character `*' is missing
(microtype)             in font `TU/KpMath-Regular.otf(3)/m/n/14.4'.
(microtype)             Ignoring protrusion settings for this character.
Package microtype Info: Character `-' is missing
(microtype)             in font `TU/KpMath-Regular.otf(3)/m/n/14.4'.
(microtype)             Ignoring protrusion settings for this character.
Package microtype Info: Character `textquoteleft ' is missing
(microtype)             in font `TU/KpMath-Regular.otf(3)/m/n/14.4'.
(microtype)             Ignoring protrusion settings for this character.
Package microtype Info: Character `textquoteright ' is missing
(microtype)             in font `TU/KpMath-Regular.otf(3)/m/n/14.4'.
(microtype)             Ignoring protrusion settings for this character.
Package microtype Info: Character `textquotedblleft ' is missing
(microtype)             in font `TU/KpMath-Regular.otf(3)/m/n/14.4'.
(microtype)             Ignoring protrusion settings for this character.
Package microtype Info: Character `textquotedblright ' is missing
(microtype)             in font `TU/KpMath-Regular.otf(3)/m/n/14.4'.
(microtype)             Ignoring protrusion settings for this character.
Package microtype Info: Character `AE ' is missing
(microtype)             in font `TU/KpMath-Regular.otf(3)/m/n/14.4'.
(microtype)             Ignoring protrusion settings for this character.
Package microtype Info: Character `_' is missing
(microtype)             in font `TU/KpMath-Regular.otf(3)/m/n/14.4'.
(microtype)             Ignoring protrusion settings for this character.
Package microtype Info: Character `quotesinglbase ' is missing
(microtype)             in font `TU/KpMath-Regular.otf(3)/m/n/14.4'.
(microtype)             Ignoring protrusion settings for this character.
Package microtype Info: Character `quotedblbase ' is missing
(microtype)             in font `TU/KpMath-Regular.otf(3)/m/n/14.4'.
(microtype)             Ignoring protrusion settings for this character.
Package microtype Info: Character `guilsinglleft ' is missing
(microtype)             in font `TU/KpMath-Regular.otf(3)/m/n/14.4'.
(microtype)             Ignoring protrusion settings for this character.
Package microtype Info: Character `guilsinglright ' is missing
(microtype)             in font `TU/KpMath-Regular.otf(3)/m/n/14.4'.
(microtype)             Ignoring protrusion settings for this character.
Package microtype Info: Character `guillemotleft ' is missing
(microtype)             in font `TU/KpMath-Regular.otf(3)/m/n/14.4'.
(microtype)             Ignoring protrusion settings for this character.
Package microtype Info: Character `guillemotright ' is missing
(microtype)             in font `TU/KpMath-Regular.otf(3)/m/n/14.4'.
(microtype)             Ignoring protrusion settings for this character.
Package microtype Info: Character `textexclamdown ' is missing
(microtype)             in font `TU/KpMath-Regular.otf(3)/m/n/14.4'.
(microtype)             Ignoring protrusion settings for this character.
Package microtype Info: Character `textquestiondown ' is missing
(microtype)             in font `TU/KpMath-Regular.otf(3)/m/n/14.4'.
(microtype)             Ignoring protrusion settings for this character.
Package microtype Info: Character `~ (= ~)' is missing
(microtype)             in font `TU/KpMath-Regular.otf(3)/m/n/10'.
(microtype)             Ignoring protrusion settings for this character.
Package microtype Info: Character `*' is missing
(microtype)             in font `TU/KpMath-Regular.otf(3)/m/n/10'.
(microtype)             Ignoring protrusion settings for this character.
Package microtype Info: Character `-' is missing
(microtype)             in font `TU/KpMath-Regular.otf(3)/m/n/10'.
(microtype)             Ignoring protrusion settings for this character.
Package microtype Info: Character `textquoteleft ' is missing
(microtype)             in font `TU/KpMath-Regular.otf(3)/m/n/10'.
(microtype)             Ignoring protrusion settings for this character.
Package microtype Info: Character `textquoteright ' is missing
(microtype)             in font `TU/KpMath-Regular.otf(3)/m/n/10'.
(microtype)             Ignoring protrusion settings for this character.
Package microtype Info: Character `textquotedblleft ' is missing
(microtype)             in font `TU/KpMath-Regular.otf(3)/m/n/10'.
(microtype)             Ignoring protrusion settings for this character.
Package microtype Info: Character `textquotedblright ' is missing
(microtype)             in font `TU/KpMath-Regular.otf(3)/m/n/10'.
(microtype)             Ignoring protrusion settings for this character.
Package microtype Info: Character `AE ' is missing
(microtype)             in font `TU/KpMath-Regular.otf(3)/m/n/10'.
(microtype)             Ignoring protrusion settings for this character.
Package microtype Info: Character `_' is missing
(microtype)             in font `TU/KpMath-Regular.otf(3)/m/n/10'.
(microtype)             Ignoring protrusion settings for this character.
Package microtype Info: Character `quotesinglbase ' is missing
(microtype)             in font `TU/KpMath-Regular.otf(3)/m/n/10'.
(microtype)             Ignoring protrusion settings for this character.
Package microtype Info: Character `quotedblbase ' is missing
(microtype)             in font `TU/KpMath-Regular.otf(3)/m/n/10'.
(microtype)             Ignoring protrusion settings for this character.
Package microtype Info: Character `guilsinglleft ' is missing
(microtype)             in font `TU/KpMath-Regular.otf(3)/m/n/10'.
(microtype)             Ignoring protrusion settings for this character.
Package microtype Info: Character `guilsinglright ' is missing
(microtype)             in font `TU/KpMath-Regular.otf(3)/m/n/10'.
(microtype)             Ignoring protrusion settings for this character.
Package microtype Info: Character `guillemotleft ' is missing
(microtype)             in font `TU/KpMath-Regular.otf(3)/m/n/10'.
(microtype)             Ignoring protrusion settings for this character.
Package microtype Info: Character `guillemotright ' is missing
(microtype)             in font `TU/KpMath-Regular.otf(3)/m/n/10'.
(microtype)             Ignoring protrusion settings for this character.
Package microtype Info: Character `textexclamdown ' is missing
(microtype)             in font `TU/KpMath-Regular.otf(3)/m/n/10'.
(microtype)             Ignoring protrusion settings for this character.
Package microtype Info: Character `textquestiondown ' is missing
(microtype)             in font `TU/KpMath-Regular.otf(3)/m/n/10'.
(microtype)             Ignoring protrusion settings for this character.
Package microtype Info: Character `~ (= ~)' is missing
(microtype)             in font `TU/KpMath-Regular.otf(3)/m/n/7'.
(microtype)             Ignoring protrusion settings for this character.
Package microtype Info: Character `*' is missing
(microtype)             in font `TU/KpMath-Regular.otf(3)/m/n/7'.
(microtype)             Ignoring protrusion settings for this character.
Package microtype Info: Character `-' is missing
(microtype)             in font `TU/KpMath-Regular.otf(3)/m/n/7'.
(microtype)             Ignoring protrusion settings for this character.
Package microtype Info: Character `textquoteleft ' is missing
(microtype)             in font `TU/KpMath-Regular.otf(3)/m/n/7'.
(microtype)             Ignoring protrusion settings for this character.
Package microtype Info: Character `textquoteright ' is missing
(microtype)             in font `TU/KpMath-Regular.otf(3)/m/n/7'.
(microtype)             Ignoring protrusion settings for this character.
Package microtype Info: Character `textquotedblleft ' is missing
(microtype)             in font `TU/KpMath-Regular.otf(3)/m/n/7'.
(microtype)             Ignoring protrusion settings for this character.
Package microtype Info: Character `textquotedblright ' is missing
(microtype)             in font `TU/KpMath-Regular.otf(3)/m/n/7'.
(microtype)             Ignoring protrusion settings for this character.
Package microtype Info: Character `AE ' is missing
(microtype)             in font `TU/KpMath-Regular.otf(3)/m/n/7'.
(microtype)             Ignoring protrusion settings for this character.
Package microtype Info: Character `_' is missing
(microtype)             in font `TU/KpMath-Regular.otf(3)/m/n/7'.
(microtype)             Ignoring protrusion settings for this character.
Package microtype Info: Character `quotesinglbase ' is missing
(microtype)             in font `TU/KpMath-Regular.otf(3)/m/n/7'.
(microtype)             Ignoring protrusion settings for this character.
Package microtype Info: Character `quotedblbase ' is missing
(microtype)             in font `TU/KpMath-Regular.otf(3)/m/n/7'.
(microtype)             Ignoring protrusion settings for this character.
Package microtype Info: Character `guilsinglleft ' is missing
(microtype)             in font `TU/KpMath-Regular.otf(3)/m/n/7'.
(microtype)             Ignoring protrusion settings for this character.
Package microtype Info: Character `guilsinglright ' is missing
(microtype)             in font `TU/KpMath-Regular.otf(3)/m/n/7'.
(microtype)             Ignoring protrusion settings for this character.
Package microtype Info: Character `guillemotleft ' is missing
(microtype)             in font `TU/KpMath-Regular.otf(3)/m/n/7'.
(microtype)             Ignoring protrusion settings for this character.
Package microtype Info: Character `guillemotright ' is missing
(microtype)             in font `TU/KpMath-Regular.otf(3)/m/n/7'.
(microtype)             Ignoring protrusion settings for this character.
Package microtype Info: Character `textexclamdown ' is missing
(microtype)             in font `TU/KpMath-Regular.otf(3)/m/n/7'.
(microtype)             Ignoring protrusion settings for this character.
Package microtype Info: Character `textquestiondown ' is missing
(microtype)             in font `TU/KpMath-Regular.otf(3)/m/n/7'.
(microtype)             Ignoring protrusion settings for this character.
Package microtype Info: Character `~ (= ~)' is missing
(microtype)             in font `TU/KpMath-Regular.otf(4)/m/n/14.4'.
(microtype)             Ignoring protrusion settings for this character.
Package microtype Info: Character `*' is missing
(microtype)             in font `TU/KpMath-Regular.otf(4)/m/n/14.4'.
(microtype)             Ignoring protrusion settings for this character.
Package microtype Info: Character `-' is missing
(microtype)             in font `TU/KpMath-Regular.otf(4)/m/n/14.4'.
(microtype)             Ignoring protrusion settings for this character.
Package microtype Info: Character `textquoteleft ' is missing
(microtype)             in font `TU/KpMath-Regular.otf(4)/m/n/14.4'.
(microtype)             Ignoring protrusion settings for this character.
Package microtype Info: Character `textquoteright ' is missing
(microtype)             in font `TU/KpMath-Regular.otf(4)/m/n/14.4'.
(microtype)             Ignoring protrusion settings for this character.
Package microtype Info: Character `textquotedblleft ' is missing
(microtype)             in font `TU/KpMath-Regular.otf(4)/m/n/14.4'.
(microtype)             Ignoring protrusion settings for this character.
Package microtype Info: Character `textquotedblright ' is missing
(microtype)             in font `TU/KpMath-Regular.otf(4)/m/n/14.4'.
(microtype)             Ignoring protrusion settings for this character.
Package microtype Info: Character `AE ' is missing
(microtype)             in font `TU/KpMath-Regular.otf(4)/m/n/14.4'.
(microtype)             Ignoring protrusion settings for this character.
Package microtype Info: Character `_' is missing
(microtype)             in font `TU/KpMath-Regular.otf(4)/m/n/14.4'.
(microtype)             Ignoring protrusion settings for this character.
Package microtype Info: Character `quotesinglbase ' is missing
(microtype)             in font `TU/KpMath-Regular.otf(4)/m/n/14.4'.
(microtype)             Ignoring protrusion settings for this character.
Package microtype Info: Character `quotedblbase ' is missing
(microtype)             in font `TU/KpMath-Regular.otf(4)/m/n/14.4'.
(microtype)             Ignoring protrusion settings for this character.
Package microtype Info: Character `guilsinglleft ' is missing
(microtype)             in font `TU/KpMath-Regular.otf(4)/m/n/14.4'.
(microtype)             Ignoring protrusion settings for this character.
Package microtype Info: Character `guilsinglright ' is missing
(microtype)             in font `TU/KpMath-Regular.otf(4)/m/n/14.4'.
(microtype)             Ignoring protrusion settings for this character.
Package microtype Info: Character `guillemotleft ' is missing
(microtype)             in font `TU/KpMath-Regular.otf(4)/m/n/14.4'.
(microtype)             Ignoring protrusion settings for this character.
Package microtype Info: Character `guillemotright ' is missing
(microtype)             in font `TU/KpMath-Regular.otf(4)/m/n/14.4'.
(microtype)             Ignoring protrusion settings for this character.
Package microtype Info: Character `textexclamdown ' is missing
(microtype)             in font `TU/KpMath-Regular.otf(4)/m/n/14.4'.
(microtype)             Ignoring protrusion settings for this character.
Package microtype Info: Character `textquestiondown ' is missing
(microtype)             in font `TU/KpMath-Regular.otf(4)/m/n/14.4'.
(microtype)             Ignoring protrusion settings for this character.
Package microtype Info: Character `~ (= ~)' is missing
(microtype)             in font `TU/KpMath-Regular.otf(4)/m/n/10'.
(microtype)             Ignoring protrusion settings for this character.
Package microtype Info: Character `*' is missing
(microtype)             in font `TU/KpMath-Regular.otf(4)/m/n/10'.
(microtype)             Ignoring protrusion settings for this character.
Package microtype Info: Character `-' is missing
(microtype)             in font `TU/KpMath-Regular.otf(4)/m/n/10'.
(microtype)             Ignoring protrusion settings for this character.
Package microtype Info: Character `textquoteleft ' is missing
(microtype)             in font `TU/KpMath-Regular.otf(4)/m/n/10'.
(microtype)             Ignoring protrusion settings for this character.
Package microtype Info: Character `textquoteright ' is missing
(microtype)             in font `TU/KpMath-Regular.otf(4)/m/n/10'.
(microtype)             Ignoring protrusion settings for this character.
Package microtype Info: Character `textquotedblleft ' is missing
(microtype)             in font `TU/KpMath-Regular.otf(4)/m/n/10'.
(microtype)             Ignoring protrusion settings for this character.
Package microtype Info: Character `textquotedblright ' is missing
(microtype)             in font `TU/KpMath-Regular.otf(4)/m/n/10'.
(microtype)             Ignoring protrusion settings for this character.
Package microtype Info: Character `AE ' is missing
(microtype)             in font `TU/KpMath-Regular.otf(4)/m/n/10'.
(microtype)             Ignoring protrusion settings for this character.
Package microtype Info: Character `_' is missing
(microtype)             in font `TU/KpMath-Regular.otf(4)/m/n/10'.
(microtype)             Ignoring protrusion settings for this character.
Package microtype Info: Character `quotesinglbase ' is missing
(microtype)             in font `TU/KpMath-Regular.otf(4)/m/n/10'.
(microtype)             Ignoring protrusion settings for this character.
Package microtype Info: Character `quotedblbase ' is missing
(microtype)             in font `TU/KpMath-Regular.otf(4)/m/n/10'.
(microtype)             Ignoring protrusion settings for this character.
Package microtype Info: Character `guilsinglleft ' is missing
(microtype)             in font `TU/KpMath-Regular.otf(4)/m/n/10'.
(microtype)             Ignoring protrusion settings for this character.
Package microtype Info: Character `guilsinglright ' is missing
(microtype)             in font `TU/KpMath-Regular.otf(4)/m/n/10'.
(microtype)             Ignoring protrusion settings for this character.
Package microtype Info: Character `guillemotleft ' is missing
(microtype)             in font `TU/KpMath-Regular.otf(4)/m/n/10'.
(microtype)             Ignoring protrusion settings for this character.
Package microtype Info: Character `guillemotright ' is missing
(microtype)             in font `TU/KpMath-Regular.otf(4)/m/n/10'.
(microtype)             Ignoring protrusion settings for this character.
Package microtype Info: Character `textexclamdown ' is missing
(microtype)             in font `TU/KpMath-Regular.otf(4)/m/n/10'.
(microtype)             Ignoring protrusion settings for this character.
Package microtype Info: Character `textquestiondown ' is missing
(microtype)             in font `TU/KpMath-Regular.otf(4)/m/n/10'.
(microtype)             Ignoring protrusion settings for this character.
Package microtype Info: Character `~ (= ~)' is missing
(microtype)             in font `TU/KpMath-Regular.otf(4)/m/n/7'.
(microtype)             Ignoring protrusion settings for this character.
Package microtype Info: Character `*' is missing
(microtype)             in font `TU/KpMath-Regular.otf(4)/m/n/7'.
(microtype)             Ignoring protrusion settings for this character.
Package microtype Info: Character `-' is missing
(microtype)             in font `TU/KpMath-Regular.otf(4)/m/n/7'.
(microtype)             Ignoring protrusion settings for this character.
Package microtype Info: Character `textquoteleft ' is missing
(microtype)             in font `TU/KpMath-Regular.otf(4)/m/n/7'.
(microtype)             Ignoring protrusion settings for this character.
Package microtype Info: Character `textquoteright ' is missing
(microtype)             in font `TU/KpMath-Regular.otf(4)/m/n/7'.
(microtype)             Ignoring protrusion settings for this character.
Package microtype Info: Character `textquotedblleft ' is missing
(microtype)             in font `TU/KpMath-Regular.otf(4)/m/n/7'.
(microtype)             Ignoring protrusion settings for this character.
Package microtype Info: Character `textquotedblright ' is missing
(microtype)             in font `TU/KpMath-Regular.otf(4)/m/n/7'.
(microtype)             Ignoring protrusion settings for this character.
Package microtype Info: Character `AE ' is missing
(microtype)             in font `TU/KpMath-Regular.otf(4)/m/n/7'.
(microtype)             Ignoring protrusion settings for this character.
Package microtype Info: Character `_' is missing
(microtype)             in font `TU/KpMath-Regular.otf(4)/m/n/7'.
(microtype)             Ignoring protrusion settings for this character.
Package microtype Info: Character `quotesinglbase ' is missing
(microtype)             in font `TU/KpMath-Regular.otf(4)/m/n/7'.
(microtype)             Ignoring protrusion settings for this character.
Package microtype Info: Character `quotedblbase ' is missing
(microtype)             in font `TU/KpMath-Regular.otf(4)/m/n/7'.
(microtype)             Ignoring protrusion settings for this character.
Package microtype Info: Character `guilsinglleft ' is missing
(microtype)             in font `TU/KpMath-Regular.otf(4)/m/n/7'.
(microtype)             Ignoring protrusion settings for this character.
Package microtype Info: Character `guilsinglright ' is missing
(microtype)             in font `TU/KpMath-Regular.otf(4)/m/n/7'.
(microtype)             Ignoring protrusion settings for this character.
Package microtype Info: Character `guillemotleft ' is missing
(microtype)             in font `TU/KpMath-Regular.otf(4)/m/n/7'.
(microtype)             Ignoring protrusion settings for this character.
Package microtype Info: Character `guillemotright ' is missing
(microtype)             in font `TU/KpMath-Regular.otf(4)/m/n/7'.
(microtype)             Ignoring protrusion settings for this character.
Package microtype Info: Character `textexclamdown ' is missing
(microtype)             in font `TU/KpMath-Regular.otf(4)/m/n/7'.
(microtype)             Ignoring protrusion settings for this character.
Package microtype Info: Character `textquestiondown ' is missing
(microtype)             in font `TU/KpMath-Regular.otf(4)/m/n/7'.
(microtype)             Ignoring protrusion settings for this character.
LaTeX Font Info:    Trying to load font information for U+msa on input line 94.


(/usr/share/texlive/texmf-dist/tex/latex/amsfonts/umsa.fd
File: umsa.fd 2013/01/14 v3.01 AMS symbols A
)
(/usr/share/texlive/texmf-dist/tex/latex/microtype/mt-msa.cfg
File: mt-msa.cfg 2006/02/04 v1.1 microtype config. file: AMS symbols (a) (RS)
)
LaTeX Font Info:    Trying to load font information for U+msb on input line 94.


(/usr/share/texlive/texmf-dist/tex/latex/amsfonts/umsb.fd
File: umsb.fd 2013/01/14 v3.01 AMS symbols B
)
(/usr/share/texlive/texmf-dist/tex/latex/microtype/mt-msb.cfg
File: mt-msb.cfg 2005/06/01 v1.0 microtype config. file: AMS symbols (b) (RS)
)
No file constraint_before_completion-draft.toc.
\tf@toc=\write5

\openout5 = constraint_before_completion-draft.toc
[1

{/var/lib/texmf/fonts/map/pdftex/updmap/pdftex.map}]
Package microtype Info: Character `~ (= ~)' is missing
(microtype)             in font `TU/KpMath-Regular.otf(1)/m/n/12'.
(microtype)             Ignoring protrusion settings for this character.
Package microtype Info: Character `*' is missing
(microtype)             in font `TU/KpMath-Regular.otf(1)/m/n/12'.
(microtype)             Ignoring protrusion settings for this character.
Package microtype Info: Character `-' is missing
(microtype)             in font `TU/KpMath-Regular.otf(1)/m/n/12'.
(microtype)             Ignoring protrusion settings for this character.
Package microtype Info: Character `textquoteleft ' is missing
(microtype)             in font `TU/KpMath-Regular.otf(1)/m/n/12'.
(microtype)             Ignoring protrusion settings for this character.
Package microtype Info: Character `textquoteright ' is missing
(microtype)             in font `TU/KpMath-Regular.otf(1)/m/n/12'.
(microtype)             Ignoring protrusion settings for this character.
Package microtype Info: Character `textquotedblleft ' is missing
(microtype)             in font `TU/KpMath-Regular.otf(1)/m/n/12'.
(microtype)             Ignoring protrusion settings for this character.
Package microtype Info: Character `textquotedblright ' is missing
(microtype)             in font `TU/KpMath-Regular.otf(1)/m/n/12'.
(microtype)             Ignoring protrusion settings for this character.
Package microtype Info: Character `AE ' is missing
(microtype)             in font `TU/KpMath-Regular.otf(1)/m/n/12'.
(microtype)             Ignoring protrusion settings for this character.
Package microtype Info: Character `_' is missing
(microtype)             in font `TU/KpMath-Regular.otf(1)/m/n/12'.
(microtype)             Ignoring protrusion settings for this character.
Package microtype Info: Character `quotesinglbase ' is missing
(microtype)             in font `TU/KpMath-Regular.otf(1)/m/n/12'.
(microtype)             Ignoring protrusion settings for this character.
Package microtype Info: Character `quotedblbase ' is missing
(microtype)             in font `TU/KpMath-Regular.otf(1)/m/n/12'.
(microtype)             Ignoring protrusion settings for this character.
Package microtype Info: Character `guilsinglleft ' is missing
(microtype)             in font `TU/KpMath-Regular.otf(1)/m/n/12'.
(microtype)             Ignoring protrusion settings for this character.
Package microtype Info: Character `guilsinglright ' is missing
(microtype)             in font `TU/KpMath-Regular.otf(1)/m/n/12'.
(microtype)             Ignoring protrusion settings for this character.
Package microtype Info: Character `guillemotleft ' is missing
(microtype)             in font `TU/KpMath-Regular.otf(1)/m/n/12'.
(microtype)             Ignoring protrusion settings for this character.
Package microtype Info: Character `guillemotright ' is missing
(microtype)             in font `TU/KpMath-Regular.otf(1)/m/n/12'.
(microtype)             Ignoring protrusion settings for this character.
Package microtype Info: Character `textexclamdown ' is missing
(microtype)             in font `TU/KpMath-Regular.otf(1)/m/n/12'.
(microtype)             Ignoring protrusion settings for this character.
Package microtype Info: Character `textquestiondown ' is missing
(microtype)             in font `TU/KpMath-Regular.otf(1)/m/n/12'.
(microtype)             Ignoring protrusion settings for this character.
Package microtype Info: Character `~ (= ~)' is missing
(microtype)             in font `TU/KpMath-Regular.otf(1)/m/n/8.4'.
(microtype)             Ignoring protrusion settings for this character.
Package microtype Info: Character `*' is missing
(microtype)             in font `TU/KpMath-Regular.otf(1)/m/n/8.4'.
(microtype)             Ignoring protrusion settings for this character.
Package microtype Info: Character `-' is missing
(microtype)             in font `TU/KpMath-Regular.otf(1)/m/n/8.4'.
(microtype)             Ignoring protrusion settings for this character.
Package microtype Info: Character `textquoteleft ' is missing
(microtype)             in font `TU/KpMath-Regular.otf(1)/m/n/8.4'.
(microtype)             Ignoring protrusion settings for this character.
Package microtype Info: Character `textquoteright ' is missing
(microtype)             in font `TU/KpMath-Regular.otf(1)/m/n/8.4'.
(microtype)             Ignoring protrusion settings for this character.
Package microtype Info: Character `textquotedblleft ' is missing
(microtype)             in font `TU/KpMath-Regular.otf(1)/m/n/8.4'.
(microtype)             Ignoring protrusion settings for this character.
Package microtype Info: Character `textquotedblright ' is missing
(microtype)             in font `TU/KpMath-Regular.otf(1)/m/n/8.4'.
(microtype)             Ignoring protrusion settings for this character.
Package microtype Info: Character `AE ' is missing
(microtype)             in font `TU/KpMath-Regular.otf(1)/m/n/8.4'.
(microtype)             Ignoring protrusion settings for this character.
Package microtype Info: Character `_' is missing
(microtype)             in font `TU/KpMath-Regular.otf(1)/m/n/8.4'.
(microtype)             Ignoring protrusion settings for this character.
Package microtype Info: Character `quotesinglbase ' is missing
(microtype)             in font `TU/KpMath-Regular.otf(1)/m/n/8.4'.
(microtype)             Ignoring protrusion settings for this character.
Package microtype Info: Character `quotedblbase ' is missing
(microtype)             in font `TU/KpMath-Regular.otf(1)/m/n/8.4'.
(microtype)             Ignoring protrusion settings for this character.
Package microtype Info: Character `guilsinglleft ' is missing
(microtype)             in font `TU/KpMath-Regular.otf(1)/m/n/8.4'.
(microtype)             Ignoring protrusion settings for this character.
Package microtype Info: Character `guilsinglright ' is missing
(microtype)             in font `TU/KpMath-Regular.otf(1)/m/n/8.4'.
(microtype)             Ignoring protrusion settings for this character.
Package microtype Info: Character `guillemotleft ' is missing
(microtype)             in font `TU/KpMath-Regular.otf(1)/m/n/8.4'.
(microtype)             Ignoring protrusion settings for this character.
Package microtype Info: Character `guillemotright ' is missing
(microtype)             in font `TU/KpMath-Regular.otf(1)/m/n/8.4'.
(microtype)             Ignoring protrusion settings for this character.
Package microtype Info: Character `textexclamdown ' is missing
(microtype)             in font `TU/KpMath-Regular.otf(1)/m/n/8.4'.
(microtype)             Ignoring protrusion settings for this character.
Package microtype Info: Character `textquestiondown ' is missing
(microtype)             in font `TU/KpMath-Regular.otf(1)/m/n/8.4'.
(microtype)             Ignoring protrusion settings for this character.
Package microtype Info: Character `~ (= ~)' is missing
(microtype)             in font `TU/KpMath-Regular.otf(1)/m/n/6.6'.
(microtype)             Ignoring protrusion settings for this character.
Package microtype Info: Character `*' is missing
(microtype)             in font `TU/KpMath-Regular.otf(1)/m/n/6.6'.
(microtype)             Ignoring protrusion settings for this character.
Package microtype Info: Character `-' is missing
(microtype)             in font `TU/KpMath-Regular.otf(1)/m/n/6.6'.
(microtype)             Ignoring protrusion settings for this character.
Package microtype Info: Character `textquoteleft ' is missing
(microtype)             in font `TU/KpMath-Regular.otf(1)/m/n/6.6'.
(microtype)             Ignoring protrusion settings for this character.
Package microtype Info: Character `textquoteright ' is missing
(microtype)             in font `TU/KpMath-Regular.otf(1)/m/n/6.6'.
(microtype)             Ignoring protrusion settings for this character.
Package microtype Info: Character `textquotedblleft ' is missing
(microtype)             in font `TU/KpMath-Regular.otf(1)/m/n/6.6'.
(microtype)             Ignoring protrusion settings for this character.
Package microtype Info: Character `textquotedblright ' is missing
(microtype)             in font `TU/KpMath-Regular.otf(1)/m/n/6.6'.
(microtype)             Ignoring protrusion settings for this character.
Package microtype Info: Character `AE ' is missing
(microtype)             in font `TU/KpMath-Regular.otf(1)/m/n/6.6'.
(microtype)             Ignoring protrusion settings for this character.
Package microtype Info: Character `_' is missing
(microtype)             in font `TU/KpMath-Regular.otf(1)/m/n/6.6'.
(microtype)             Ignoring protrusion settings for this character.
Package microtype Info: Character `quotesinglbase ' is missing
(microtype)             in font `TU/KpMath-Regular.otf(1)/m/n/6.6'.
(microtype)             Ignoring protrusion settings for this character.
Package microtype Info: Character `quotedblbase ' is missing
(microtype)             in font `TU/KpMath-Regular.otf(1)/m/n/6.6'.
(microtype)             Ignoring protrusion settings for this character.
Package microtype Info: Character `guilsinglleft ' is missing
(microtype)             in font `TU/KpMath-Regular.otf(1)/m/n/6.6'.
(microtype)             Ignoring protrusion settings for this character.
Package microtype Info: Character `guilsinglright ' is missing
(microtype)             in font `TU/KpMath-Regular.otf(1)/m/n/6.6'.
(microtype)             Ignoring protrusion settings for this character.
Package microtype Info: Character `guillemotleft ' is missing
(microtype)             in font `TU/KpMath-Regular.otf(1)/m/n/6.6'.
(microtype)             Ignoring protrusion settings for this character.
Package microtype Info: Character `guillemotright ' is missing
(microtype)             in font `TU/KpMath-Regular.otf(1)/m/n/6.6'.
(microtype)             Ignoring protrusion settings for this character.
Package microtype Info: Character `textexclamdown ' is missing
(microtype)             in font `TU/KpMath-Regular.otf(1)/m/n/6.6'.
(microtype)             Ignoring protrusion settings for this character.
Package microtype Info: Character `textquestiondown ' is missing
(microtype)             in font `TU/KpMath-Regular.otf(1)/m/n/6.6'.
(microtype)             Ignoring protrusion settings for this character.
Package microtype Info: Character `~ (= ~)' is missing
(microtype)             in font `TU/KpMath-Regular.otf(2)/m/n/12'.
(microtype)             Ignoring protrusion settings for this character.
Package microtype Info: Character `*' is missing
(microtype)             in font `TU/KpMath-Regular.otf(2)/m/n/12'.
(microtype)             Ignoring protrusion settings for this character.
Package microtype Info: Character `-' is missing
(microtype)             in font `TU/KpMath-Regular.otf(2)/m/n/12'.
(microtype)             Ignoring protrusion settings for this character.
Package microtype Info: Character `textquoteleft ' is missing
(microtype)             in font `TU/KpMath-Regular.otf(2)/m/n/12'.
(microtype)             Ignoring protrusion settings for this character.
Package microtype Info: Character `textquoteright ' is missing
(microtype)             in font `TU/KpMath-Regular.otf(2)/m/n/12'.
(microtype)             Ignoring protrusion settings for this character.
Package microtype Info: Character `textquotedblleft ' is missing
(microtype)             in font `TU/KpMath-Regular.otf(2)/m/n/12'.
(microtype)             Ignoring protrusion settings for this character.
Package microtype Info: Character `textquotedblright ' is missing
(microtype)             in font `TU/KpMath-Regular.otf(2)/m/n/12'.
(microtype)             Ignoring protrusion settings for this character.
Package microtype Info: Character `AE ' is missing
(microtype)             in font `TU/KpMath-Regular.otf(2)/m/n/12'.
(microtype)             Ignoring protrusion settings for this character.
Package microtype Info: Character `_' is missing
(microtype)             in font `TU/KpMath-Regular.otf(2)/m/n/12'.
(microtype)             Ignoring protrusion settings for this character.
Package microtype Info: Character `quotesinglbase ' is missing
(microtype)             in font `TU/KpMath-Regular.otf(2)/m/n/12'.
(microtype)             Ignoring protrusion settings for this character.
Package microtype Info: Character `quotedblbase ' is missing
(microtype)             in font `TU/KpMath-Regular.otf(2)/m/n/12'.
(microtype)             Ignoring protrusion settings for this character.
Package microtype Info: Character `guilsinglleft ' is missing
(microtype)             in font `TU/KpMath-Regular.otf(2)/m/n/12'.
(microtype)             Ignoring protrusion settings for this character.
Package microtype Info: Character `guilsinglright ' is missing
(microtype)             in font `TU/KpMath-Regular.otf(2)/m/n/12'.
(microtype)             Ignoring protrusion settings for this character.
Package microtype Info: Character `guillemotleft ' is missing
(microtype)             in font `TU/KpMath-Regular.otf(2)/m/n/12'.
(microtype)             Ignoring protrusion settings for this character.
Package microtype Info: Character `guillemotright ' is missing
(microtype)             in font `TU/KpMath-Regular.otf(2)/m/n/12'.
(microtype)             Ignoring protrusion settings for this character.
Package microtype Info: Character `textexclamdown ' is missing
(microtype)             in font `TU/KpMath-Regular.otf(2)/m/n/12'.
(microtype)             Ignoring protrusion settings for this character.
Package microtype Info: Character `textquestiondown ' is missing
(microtype)             in font `TU/KpMath-Regular.otf(2)/m/n/12'.
(microtype)             Ignoring protrusion settings for this character.
Package microtype Info: Character `~ (= ~)' is missing
(microtype)             in font `TU/KpMath-Regular.otf(2)/m/n/8.4'.
(microtype)             Ignoring protrusion settings for this character.
Package microtype Info: Character `*' is missing
(microtype)             in font `TU/KpMath-Regular.otf(2)/m/n/8.4'.
(microtype)             Ignoring protrusion settings for this character.
Package microtype Info: Character `-' is missing
(microtype)             in font `TU/KpMath-Regular.otf(2)/m/n/8.4'.
(microtype)             Ignoring protrusion settings for this character.
Package microtype Info: Character `textquoteleft ' is missing
(microtype)             in font `TU/KpMath-Regular.otf(2)/m/n/8.4'.
(microtype)             Ignoring protrusion settings for this character.
Package microtype Info: Character `textquoteright ' is missing
(microtype)             in font `TU/KpMath-Regular.otf(2)/m/n/8.4'.
(microtype)             Ignoring protrusion settings for this character.
Package microtype Info: Character `textquotedblleft ' is missing
(microtype)             in font `TU/KpMath-Regular.otf(2)/m/n/8.4'.
(microtype)             Ignoring protrusion settings for this character.
Package microtype Info: Character `textquotedblright ' is missing
(microtype)             in font `TU/KpMath-Regular.otf(2)/m/n/8.4'.
(microtype)             Ignoring protrusion settings for this character.
Package microtype Info: Character `AE ' is missing
(microtype)             in font `TU/KpMath-Regular.otf(2)/m/n/8.4'.
(microtype)             Ignoring protrusion settings for this character.
Package microtype Info: Character `_' is missing
(microtype)             in font `TU/KpMath-Regular.otf(2)/m/n/8.4'.
(microtype)             Ignoring protrusion settings for this character.
Package microtype Info: Character `quotesinglbase ' is missing
(microtype)             in font `TU/KpMath-Regular.otf(2)/m/n/8.4'.
(microtype)             Ignoring protrusion settings for this character.
Package microtype Info: Character `quotedblbase ' is missing
(microtype)             in font `TU/KpMath-Regular.otf(2)/m/n/8.4'.
(microtype)             Ignoring protrusion settings for this character.
Package microtype Info: Character `guilsinglleft ' is missing
(microtype)             in font `TU/KpMath-Regular.otf(2)/m/n/8.4'.
(microtype)             Ignoring protrusion settings for this character.
Package microtype Info: Character `guilsinglright ' is missing
(microtype)             in font `TU/KpMath-Regular.otf(2)/m/n/8.4'.
(microtype)             Ignoring protrusion settings for this character.
Package microtype Info: Character `guillemotleft ' is missing
(microtype)             in font `TU/KpMath-Regular.otf(2)/m/n/8.4'.
(microtype)             Ignoring protrusion settings for this character.
Package microtype Info: Character `guillemotright ' is missing
(microtype)             in font `TU/KpMath-Regular.otf(2)/m/n/8.4'.
(microtype)             Ignoring protrusion settings for this character.
Package microtype Info: Character `textexclamdown ' is missing
(microtype)             in font `TU/KpMath-Regular.otf(2)/m/n/8.4'.
(microtype)             Ignoring protrusion settings for this character.
Package microtype Info: Character `textquestiondown ' is missing
(microtype)             in font `TU/KpMath-Regular.otf(2)/m/n/8.4'.
(microtype)             Ignoring protrusion settings for this character.
Package microtype Info: Character `~ (= ~)' is missing
(microtype)             in font `TU/KpMath-Regular.otf(2)/m/n/6.6'.
(microtype)             Ignoring protrusion settings for this character.
Package microtype Info: Character `*' is missing
(microtype)             in font `TU/KpMath-Regular.otf(2)/m/n/6.6'.
(microtype)             Ignoring protrusion settings for this character.
Package microtype Info: Character `-' is missing
(microtype)             in font `TU/KpMath-Regular.otf(2)/m/n/6.6'.
(microtype)             Ignoring protrusion settings for this character.
Package microtype Info: Character `textquoteleft ' is missing
(microtype)             in font `TU/KpMath-Regular.otf(2)/m/n/6.6'.
(microtype)             Ignoring protrusion settings for this character.
Package microtype Info: Character `textquoteright ' is missing
(microtype)             in font `TU/KpMath-Regular.otf(2)/m/n/6.6'.
(microtype)             Ignoring protrusion settings for this character.
Package microtype Info: Character `textquotedblleft ' is missing
(microtype)             in font `TU/KpMath-Regular.otf(2)/m/n/6.6'.
(microtype)             Ignoring protrusion settings for this character.
Package microtype Info: Character `textquotedblright ' is missing
(microtype)             in font `TU/KpMath-Regular.otf(2)/m/n/6.6'.
(microtype)             Ignoring protrusion settings for this character.
Package microtype Info: Character `AE ' is missing
(microtype)             in font `TU/KpMath-Regular.otf(2)/m/n/6.6'.
(microtype)             Ignoring protrusion settings for this character.
Package microtype Info: Character `_' is missing
(microtype)             in font `TU/KpMath-Regular.otf(2)/m/n/6.6'.
(microtype)             Ignoring protrusion settings for this character.
Package microtype Info: Character `quotesinglbase ' is missing
(microtype)             in font `TU/KpMath-Regular.otf(2)/m/n/6.6'.
(microtype)             Ignoring protrusion settings for this character.
Package microtype Info: Character `quotedblbase ' is missing
(microtype)             in font `TU/KpMath-Regular.otf(2)/m/n/6.6'.
(microtype)             Ignoring protrusion settings for this character.
Package microtype Info: Character `guilsinglleft ' is missing
(microtype)             in font `TU/KpMath-Regular.otf(2)/m/n/6.6'.
(microtype)             Ignoring protrusion settings for this character.
Package microtype Info: Character `guilsinglright ' is missing
(microtype)             in font `TU/KpMath-Regular.otf(2)/m/n/6.6'.
(microtype)             Ignoring protrusion settings for this character.
Package microtype Info: Character `guillemotleft ' is missing
(microtype)             in font `TU/KpMath-Regular.otf(2)/m/n/6.6'.
(microtype)             Ignoring protrusion settings for this character.
Package microtype Info: Character `guillemotright ' is missing
(microtype)             in font `TU/KpMath-Regular.otf(2)/m/n/6.6'.
(microtype)             Ignoring protrusion settings for this character.
Package microtype Info: Character `textexclamdown ' is missing
(microtype)             in font `TU/KpMath-Regular.otf(2)/m/n/6.6'.
(microtype)             Ignoring protrusion settings for this character.
Package microtype Info: Character `textquestiondown ' is missing
(microtype)             in font `TU/KpMath-Regular.otf(2)/m/n/6.6'.
(microtype)             Ignoring protrusion settings for this character.
Package microtype Info: Character `~ (= ~)' is missing
(microtype)             in font `TU/KpMath-Regular.otf(3)/m/n/12'.
(microtype)             Ignoring protrusion settings for this character.
Package microtype Info: Character `*' is missing
(microtype)             in font `TU/KpMath-Regular.otf(3)/m/n/12'.
(microtype)             Ignoring protrusion settings for this character.
Package microtype Info: Character `-' is missing
(microtype)             in font `TU/KpMath-Regular.otf(3)/m/n/12'.
(microtype)             Ignoring protrusion settings for this character.
Package microtype Info: Character `textquoteleft ' is missing
(microtype)             in font `TU/KpMath-Regular.otf(3)/m/n/12'.
(microtype)             Ignoring protrusion settings for this character.
Package microtype Info: Character `textquoteright ' is missing
(microtype)             in font `TU/KpMath-Regular.otf(3)/m/n/12'.
(microtype)             Ignoring protrusion settings for this character.
Package microtype Info: Character `textquotedblleft ' is missing
(microtype)             in font `TU/KpMath-Regular.otf(3)/m/n/12'.
(microtype)             Ignoring protrusion settings for this character.
Package microtype Info: Character `textquotedblright ' is missing
(microtype)             in font `TU/KpMath-Regular.otf(3)/m/n/12'.
(microtype)             Ignoring protrusion settings for this character.
Package microtype Info: Character `AE ' is missing
(microtype)             in font `TU/KpMath-Regular.otf(3)/m/n/12'.
(microtype)             Ignoring protrusion settings for this character.
Package microtype Info: Character `_' is missing
(microtype)             in font `TU/KpMath-Regular.otf(3)/m/n/12'.
(microtype)             Ignoring protrusion settings for this character.
Package microtype Info: Character `quotesinglbase ' is missing
(microtype)             in font `TU/KpMath-Regular.otf(3)/m/n/12'.
(microtype)             Ignoring protrusion settings for this character.
Package microtype Info: Character `quotedblbase ' is missing
(microtype)             in font `TU/KpMath-Regular.otf(3)/m/n/12'.
(microtype)             Ignoring protrusion settings for this character.
Package microtype Info: Character `guilsinglleft ' is missing
(microtype)             in font `TU/KpMath-Regular.otf(3)/m/n/12'.
(microtype)             Ignoring protrusion settings for this character.
Package microtype Info: Character `guilsinglright ' is missing
(microtype)             in font `TU/KpMath-Regular.otf(3)/m/n/12'.
(microtype)             Ignoring protrusion settings for this character.
Package microtype Info: Character `guillemotleft ' is missing
(microtype)             in font `TU/KpMath-Regular.otf(3)/m/n/12'.
(microtype)             Ignoring protrusion settings for this character.
Package microtype Info: Character `guillemotright ' is missing
(microtype)             in font `TU/KpMath-Regular.otf(3)/m/n/12'.
(microtype)             Ignoring protrusion settings for this character.
Package microtype Info: Character `textexclamdown ' is missing
(microtype)             in font `TU/KpMath-Regular.otf(3)/m/n/12'.
(microtype)             Ignoring protrusion settings for this character.
Package microtype Info: Character `textquestiondown ' is missing
(microtype)             in font `TU/KpMath-Regular.otf(3)/m/n/12'.
(microtype)             Ignoring protrusion settings for this character.
Package microtype Info: Character `~ (= ~)' is missing
(microtype)             in font `TU/KpMath-Regular.otf(3)/m/n/8.4'.
(microtype)             Ignoring protrusion settings for this character.
Package microtype Info: Character `*' is missing
(microtype)             in font `TU/KpMath-Regular.otf(3)/m/n/8.4'.
(microtype)             Ignoring protrusion settings for this character.
Package microtype Info: Character `-' is missing
(microtype)             in font `TU/KpMath-Regular.otf(3)/m/n/8.4'.
(microtype)             Ignoring protrusion settings for this character.
Package microtype Info: Character `textquoteleft ' is missing
(microtype)             in font `TU/KpMath-Regular.otf(3)/m/n/8.4'.
(microtype)             Ignoring protrusion settings for this character.
Package microtype Info: Character `textquoteright ' is missing
(microtype)             in font `TU/KpMath-Regular.otf(3)/m/n/8.4'.
(microtype)             Ignoring protrusion settings for this character.
Package microtype Info: Character `textquotedblleft ' is missing
(microtype)             in font `TU/KpMath-Regular.otf(3)/m/n/8.4'.
(microtype)             Ignoring protrusion settings for this character.
Package microtype Info: Character `textquotedblright ' is missing
(microtype)             in font `TU/KpMath-Regular.otf(3)/m/n/8.4'.
(microtype)             Ignoring protrusion settings for this character.
Package microtype Info: Character `AE ' is missing
(microtype)             in font `TU/KpMath-Regular.otf(3)/m/n/8.4'.
(microtype)             Ignoring protrusion settings for this character.
Package microtype Info: Character `_' is missing
(microtype)             in font `TU/KpMath-Regular.otf(3)/m/n/8.4'.
(microtype)             Ignoring protrusion settings for this character.
Package microtype Info: Character `quotesinglbase ' is missing
(microtype)             in font `TU/KpMath-Regular.otf(3)/m/n/8.4'.
(microtype)             Ignoring protrusion settings for this character.
Package microtype Info: Character `quotedblbase ' is missing
(microtype)             in font `TU/KpMath-Regular.otf(3)/m/n/8.4'.
(microtype)             Ignoring protrusion settings for this character.
Package microtype Info: Character `guilsinglleft ' is missing
(microtype)             in font `TU/KpMath-Regular.otf(3)/m/n/8.4'.
(microtype)             Ignoring protrusion settings for this character.
Package microtype Info: Character `guilsinglright ' is missing
(microtype)             in font `TU/KpMath-Regular.otf(3)/m/n/8.4'.
(microtype)             Ignoring protrusion settings for this character.
Package microtype Info: Character `guillemotleft ' is missing
(microtype)             in font `TU/KpMath-Regular.otf(3)/m/n/8.4'.
(microtype)             Ignoring protrusion settings for this character.
Package microtype Info: Character `guillemotright ' is missing
(microtype)             in font `TU/KpMath-Regular.otf(3)/m/n/8.4'.
(microtype)             Ignoring protrusion settings for this character.
Package microtype Info: Character `textexclamdown ' is missing
(microtype)             in font `TU/KpMath-Regular.otf(3)/m/n/8.4'.
(microtype)             Ignoring protrusion settings for this character.
Package microtype Info: Character `textquestiondown ' is missing
(microtype)             in font `TU/KpMath-Regular.otf(3)/m/n/8.4'.
(microtype)             Ignoring protrusion settings for this character.
Package microtype Info: Character `~ (= ~)' is missing
(microtype)             in font `TU/KpMath-Regular.otf(3)/m/n/6.6'.
(microtype)             Ignoring protrusion settings for this character.
Package microtype Info: Character `*' is missing
(microtype)             in font `TU/KpMath-Regular.otf(3)/m/n/6.6'.
(microtype)             Ignoring protrusion settings for this character.
Package microtype Info: Character `-' is missing
(microtype)             in font `TU/KpMath-Regular.otf(3)/m/n/6.6'.
(microtype)             Ignoring protrusion settings for this character.
Package microtype Info: Character `textquoteleft ' is missing
(microtype)             in font `TU/KpMath-Regular.otf(3)/m/n/6.6'.
(microtype)             Ignoring protrusion settings for this character.
Package microtype Info: Character `textquoteright ' is missing
(microtype)             in font `TU/KpMath-Regular.otf(3)/m/n/6.6'.
(microtype)             Ignoring protrusion settings for this character.
Package microtype Info: Character `textquotedblleft ' is missing
(microtype)             in font `TU/KpMath-Regular.otf(3)/m/n/6.6'.
(microtype)             Ignoring protrusion settings for this character.
Package microtype Info: Character `textquotedblright ' is missing
(microtype)             in font `TU/KpMath-Regular.otf(3)/m/n/6.6'.
(microtype)             Ignoring protrusion settings for this character.
Package microtype Info: Character `AE ' is missing
(microtype)             in font `TU/KpMath-Regular.otf(3)/m/n/6.6'.
(microtype)             Ignoring protrusion settings for this character.
Package microtype Info: Character `_' is missing
(microtype)             in font `TU/KpMath-Regular.otf(3)/m/n/6.6'.
(microtype)             Ignoring protrusion settings for this character.
Package microtype Info: Character `quotesinglbase ' is missing
(microtype)             in font `TU/KpMath-Regular.otf(3)/m/n/6.6'.
(microtype)             Ignoring protrusion settings for this character.
Package microtype Info: Character `quotedblbase ' is missing
(microtype)             in font `TU/KpMath-Regular.otf(3)/m/n/6.6'.
(microtype)             Ignoring protrusion settings for this character.
Package microtype Info: Character `guilsinglleft ' is missing
(microtype)             in font `TU/KpMath-Regular.otf(3)/m/n/6.6'.
(microtype)             Ignoring protrusion settings for this character.
Package microtype Info: Character `guilsinglright ' is missing
(microtype)             in font `TU/KpMath-Regular.otf(3)/m/n/6.6'.
(microtype)             Ignoring protrusion settings for this character.
Package microtype Info: Character `guillemotleft ' is missing
(microtype)             in font `TU/KpMath-Regular.otf(3)/m/n/6.6'.
(microtype)             Ignoring protrusion settings for this character.
Package microtype Info: Character `guillemotright ' is missing
(microtype)             in font `TU/KpMath-Regular.otf(3)/m/n/6.6'.
(microtype)             Ignoring protrusion settings for this character.
Package microtype Info: Character `textexclamdown ' is missing
(microtype)             in font `TU/KpMath-Regular.otf(3)/m/n/6.6'.
(microtype)             Ignoring protrusion settings for this character.
Package microtype Info: Character `textquestiondown ' is missing
(microtype)             in font `TU/KpMath-Regular.otf(3)/m/n/6.6'.
(microtype)             Ignoring protrusion settings for this character.
Package microtype Info: Character `~ (= ~)' is missing
(microtype)             in font `TU/KpMath-Regular.otf(4)/m/n/12'.
(microtype)             Ignoring protrusion settings for this character.
Package microtype Info: Character `*' is missing
(microtype)             in font `TU/KpMath-Regular.otf(4)/m/n/12'.
(microtype)             Ignoring protrusion settings for this character.
Package microtype Info: Character `-' is missing
(microtype)             in font `TU/KpMath-Regular.otf(4)/m/n/12'.
(microtype)             Ignoring protrusion settings for this character.
Package microtype Info: Character `textquoteleft ' is missing
(microtype)             in font `TU/KpMath-Regular.otf(4)/m/n/12'.
(microtype)             Ignoring protrusion settings for this character.
Package microtype Info: Character `textquoteright ' is missing
(microtype)             in font `TU/KpMath-Regular.otf(4)/m/n/12'.
(microtype)             Ignoring protrusion settings for this character.
Package microtype Info: Character `textquotedblleft ' is missing
(microtype)             in font `TU/KpMath-Regular.otf(4)/m/n/12'.
(microtype)             Ignoring protrusion settings for this character.
Package microtype Info: Character `textquotedblright ' is missing
(microtype)             in font `TU/KpMath-Regular.otf(4)/m/n/12'.
(microtype)             Ignoring protrusion settings for this character.
Package microtype Info: Character `AE ' is missing
(microtype)             in font `TU/KpMath-Regular.otf(4)/m/n/12'.
(microtype)             Ignoring protrusion settings for this character.
Package microtype Info: Character `_' is missing
(microtype)             in font `TU/KpMath-Regular.otf(4)/m/n/12'.
(microtype)             Ignoring protrusion settings for this character.
Package microtype Info: Character `quotesinglbase ' is missing
(microtype)             in font `TU/KpMath-Regular.otf(4)/m/n/12'.
(microtype)             Ignoring protrusion settings for this character.
Package microtype Info: Character `quotedblbase ' is missing
(microtype)             in font `TU/KpMath-Regular.otf(4)/m/n/12'.
(microtype)             Ignoring protrusion settings for this character.
Package microtype Info: Character `guilsinglleft ' is missing
(microtype)             in font `TU/KpMath-Regular.otf(4)/m/n/12'.
(microtype)             Ignoring protrusion settings for this character.
Package microtype Info: Character `guilsinglright ' is missing
(microtype)             in font `TU/KpMath-Regular.otf(4)/m/n/12'.
(microtype)             Ignoring protrusion settings for this character.
Package microtype Info: Character `guillemotleft ' is missing
(microtype)             in font `TU/KpMath-Regular.otf(4)/m/n/12'.
(microtype)             Ignoring protrusion settings for this character.
Package microtype Info: Character `guillemotright ' is missing
(microtype)             in font `TU/KpMath-Regular.otf(4)/m/n/12'.
(microtype)             Ignoring protrusion settings for this character.
Package microtype Info: Character `textexclamdown ' is missing
(microtype)             in font `TU/KpMath-Regular.otf(4)/m/n/12'.
(microtype)             Ignoring protrusion settings for this character.
Package microtype Info: Character `textquestiondown ' is missing
(microtype)             in font `TU/KpMath-Regular.otf(4)/m/n/12'.
(microtype)             Ignoring protrusion settings for this character.
Package microtype Info: Character `~ (= ~)' is missing
(microtype)             in font `TU/KpMath-Regular.otf(4)/m/n/8.4'.
(microtype)             Ignoring protrusion settings for this character.
Package microtype Info: Character `*' is missing
(microtype)             in font `TU/KpMath-Regular.otf(4)/m/n/8.4'.
(microtype)             Ignoring protrusion settings for this character.
Package microtype Info: Character `-' is missing
(microtype)             in font `TU/KpMath-Regular.otf(4)/m/n/8.4'.
(microtype)             Ignoring protrusion settings for this character.
Package microtype Info: Character `textquoteleft ' is missing
(microtype)             in font `TU/KpMath-Regular.otf(4)/m/n/8.4'.
(microtype)             Ignoring protrusion settings for this character.
Package microtype Info: Character `textquoteright ' is missing
(microtype)             in font `TU/KpMath-Regular.otf(4)/m/n/8.4'.
(microtype)             Ignoring protrusion settings for this character.
Package microtype Info: Character `textquotedblleft ' is missing
(microtype)             in font `TU/KpMath-Regular.otf(4)/m/n/8.4'.
(microtype)             Ignoring protrusion settings for this character.
Package microtype Info: Character `textquotedblright ' is missing
(microtype)             in font `TU/KpMath-Regular.otf(4)/m/n/8.4'.
(microtype)             Ignoring protrusion settings for this character.
Package microtype Info: Character `AE ' is missing
(microtype)             in font `TU/KpMath-Regular.otf(4)/m/n/8.4'.
(microtype)             Ignoring protrusion settings for this character.
Package microtype Info: Character `_' is missing
(microtype)             in font `TU/KpMath-Regular.otf(4)/m/n/8.4'.
(microtype)             Ignoring protrusion settings for this character.
Package microtype Info: Character `quotesinglbase ' is missing
(microtype)             in font `TU/KpMath-Regular.otf(4)/m/n/8.4'.
(microtype)             Ignoring protrusion settings for this character.
Package microtype Info: Character `quotedblbase ' is missing
(microtype)             in font `TU/KpMath-Regular.otf(4)/m/n/8.4'.
(microtype)             Ignoring protrusion settings for this character.
Package microtype Info: Character `guilsinglleft ' is missing
(microtype)             in font `TU/KpMath-Regular.otf(4)/m/n/8.4'.
(microtype)             Ignoring protrusion settings for this character.
Package microtype Info: Character `guilsinglright ' is missing
(microtype)             in font `TU/KpMath-Regular.otf(4)/m/n/8.4'.
(microtype)             Ignoring protrusion settings for this character.
Package microtype Info: Character `guillemotleft ' is missing
(microtype)             in font `TU/KpMath-Regular.otf(4)/m/n/8.4'.
(microtype)             Ignoring protrusion settings for this character.
Package microtype Info: Character `guillemotright ' is missing
(microtype)             in font `TU/KpMath-Regular.otf(4)/m/n/8.4'.
(microtype)             Ignoring protrusion settings for this character.
Package microtype Info: Character `textexclamdown ' is missing
(microtype)             in font `TU/KpMath-Regular.otf(4)/m/n/8.4'.
(microtype)             Ignoring protrusion settings for this character.
Package microtype Info: Character `textquestiondown ' is missing
(microtype)             in font `TU/KpMath-Regular.otf(4)/m/n/8.4'.
(microtype)             Ignoring protrusion settings for this character.
Package microtype Info: Character `~ (= ~)' is missing
(microtype)             in font `TU/KpMath-Regular.otf(4)/m/n/6.6'.
(microtype)             Ignoring protrusion settings for this character.
Package microtype Info: Character `*' is missing
(microtype)             in font `TU/KpMath-Regular.otf(4)/m/n/6.6'.
(microtype)             Ignoring protrusion settings for this character.
Package microtype Info: Character `-' is missing
(microtype)             in font `TU/KpMath-Regular.otf(4)/m/n/6.6'.
(microtype)             Ignoring protrusion settings for this character.
Package microtype Info: Character `textquoteleft ' is missing
(microtype)             in font `TU/KpMath-Regular.otf(4)/m/n/6.6'.
(microtype)             Ignoring protrusion settings for this character.
Package microtype Info: Character `textquoteright ' is missing
(microtype)             in font `TU/KpMath-Regular.otf(4)/m/n/6.6'.
(microtype)             Ignoring protrusion settings for this character.
Package microtype Info: Character `textquotedblleft ' is missing
(microtype)             in font `TU/KpMath-Regular.otf(4)/m/n/6.6'.
(microtype)             Ignoring protrusion settings for this character.
Package microtype Info: Character `textquotedblright ' is missing
(microtype)             in font `TU/KpMath-Regular.otf(4)/m/n/6.6'.
(microtype)             Ignoring protrusion settings for this character.
Package microtype Info: Character `AE ' is missing
(microtype)             in font `TU/KpMath-Regular.otf(4)/m/n/6.6'.
(microtype)             Ignoring protrusion settings for this character.
Package microtype Info: Character `_' is missing
(microtype)             in font `TU/KpMath-Regular.otf(4)/m/n/6.6'.
(microtype)             Ignoring protrusion settings for this character.
Package microtype Info: Character `quotesinglbase ' is missing
(microtype)             in font `TU/KpMath-Regular.otf(4)/m/n/6.6'.
(microtype)             Ignoring protrusion settings for this character.
Package microtype Info: Character `quotedblbase ' is missing
(microtype)             in font `TU/KpMath-Regular.otf(4)/m/n/6.6'.
(microtype)             Ignoring protrusion settings for this character.
Package microtype Info: Character `guilsinglleft ' is missing
(microtype)             in font `TU/KpMath-Regular.otf(4)/m/n/6.6'.
(microtype)             Ignoring protrusion settings for this character.
Package microtype Info: Character `guilsinglright ' is missing
(microtype)             in font `TU/KpMath-Regular.otf(4)/m/n/6.6'.
(microtype)             Ignoring protrusion settings for this character.
Package microtype Info: Character `guillemotleft ' is missing
(microtype)             in font `TU/KpMath-Regular.otf(4)/m/n/6.6'.
(microtype)             Ignoring protrusion settings for this character.
Package microtype Info: Character `guillemotright ' is missing
(microtype)             in font `TU/KpMath-Regular.otf(4)/m/n/6.6'.
(microtype)             Ignoring protrusion settings for this character.
Package microtype Info: Character `textexclamdown ' is missing
(microtype)             in font `TU/KpMath-Regular.otf(4)/m/n/6.6'.
(microtype)             Ignoring protrusion settings for this character.
Package microtype Info: Character `textquestiondown ' is missing
(microtype)             in font `TU/KpMath-Regular.otf(4)/m/n/6.6'.
(microtype)             Ignoring protrusion settings for this character.


Package fancyhdr Warning: \headheight is too small (12.0pt): 
(fancyhdr)                Make it at least 13.59999pt, for example:
(fancyhdr)                \setlength{\headheight}{13.59999pt}.
(fancyhdr)                You might also make \topmargin smaller to compensate:

(fancyhdr)                \addtolength{\topmargin}{-1.59999pt}.

[2]

LaTeX Warning: Reference `sec:geometry' on page 3 undefined on input line 122.


LaTeX Warning: Reference `sec:internal-external' on page 3 undefined on input l
ine 122.


LaTeX Warning: Reference `sec:headless' on page 3 undefined on input line 122.


LaTeX Warning: Reference `sec:trajectory' on page 3 undefined on input line 122
.


LaTeX Warning: Reference `sec:entropy-collapse' on page 3 undefined on input li
ne 122.


LaTeX Warning: Reference `sec:temporal' on page 3 undefined on input line 122.


LaTeX Warning: Reference `sec:legibility' on page 3 undefined on input line 122
.


LaTeX Warning: Reference `sec:denouement' on page 3 undefined on input line 122
.


LaTeX Warning: Reference `sec:music' on page 3 undefined on input line 122.


LaTeX Warning: Reference `sec:asymmetry' on page 3 undefined on input line 122.



LaTeX Warning: Reference `sec:relocation' on page 3 undefined on input line 122
.


LaTeX Warning: Reference `sec:three-modes' on page 3 undefined on input line 12
2.


LaTeX Warning: Reference `sec:implications' on page 3 undefined on input line 1
22.


LaTeX Warning: Reference `sec:conclusion' on page 3 undefined on input line 122
.


Package fancyhdr Warning: \headheight is too small (12.0pt): 
(fancyhdr)                Make it at least 13.59999pt, for example:
(fancyhdr)                \setlength{\headheight}{13.59999pt}.
(fancyhdr)                You might also make \topmargin smaller to compensate:

(fancyhdr)                \addtolength{\topmargin}{-1.59999pt}.

[3]

Package fancyhdr Warning: \headheight is too small (12.0pt): 
(fancyhdr)                Make it at least 13.59999pt, for example:
(fancyhdr)                \setlength{\headheight}{13.59999pt}.
(fancyhdr)                You might also make \topmargin smaller to compensate:

(fancyhdr)                \addtolength{\topmargin}{-1.59999pt}.

[4]

Package fancyhdr Warning: \headheight is too small (12.0pt): 
(fancyhdr)                Make it at least 13.59999pt, for example:
(fancyhdr)                \setlength{\headheight}{13.59999pt}.
(fancyhdr)                You might also make \topmargin smaller to compensate:

(fancyhdr)                \addtolength{\topmargin}{-1.59999pt}.

[5]

Package fancyhdr Warning: \headheight is too small (12.0pt): 
(fancyhdr)                Make it at least 13.59999pt, for example:
(fancyhdr)                \setlength{\headheight}{13.59999pt}.
(fancyhdr)                You might also make \topmargin smaller to compensate:

(fancyhdr)                \addtolength{\topmargin}{-1.59999pt}.

[6]

LaTeX Warning: Reference `sec:trajectory' on page 7 undefined on input line 246
.


Overfull \hbox (8.52844pt too wide) in paragraph at lines 253--254
\TU/KpRoman(1)/m/n/12 The dis-tinc-tion be-tween state-ful ob-jects and trajecto
ry-defining op-er-a-tors cor-re-sponds
 []


Package fancyhdr Warning: \headheight is too small (12.0pt): 
(fancyhdr)                Make it at least 13.59999pt, for example:
(fancyhdr)                \setlength{\headheight}{13.59999pt}.
(fancyhdr)                You might also make \topmargin smaller to compensate:

(fancyhdr)                \addtolength{\topmargin}{-1.59999pt}.

[7]
Overfull \hbox (1.5765pt too wide) in paragraph at lines 275--276
\TU/KpRoman(1)/m/n/12 ma-te-rial, ap-ply modifier---that pro-duce a three-dimens
ional ob-ject. It is, struc-turally,
 []


Package fancyhdr Warning: \headheight is too small (12.0pt): 
(fancyhdr)                Make it at least 13.59999pt, for example:
(fancyhdr)                \setlength{\headheight}{13.59999pt}.
(fancyhdr)                You might also make \topmargin smaller to compensate:

(fancyhdr)                \addtolength{\topmargin}{-1.59999pt}.

[8]

Package fancyhdr Warning: \headheight is too small (12.0pt): 
(fancyhdr)                Make it at least 13.59999pt, for example:
(fancyhdr)                \setlength{\headheight}{13.59999pt}.
(fancyhdr)                You might also make \topmargin smaller to compensate:

(fancyhdr)                \addtolength{\topmargin}{-1.59999pt}.

[9]
Overfull \hbox (14.7995pt too wide) in paragraph at lines 329--330
\TU/KpRoman(1)/m/n/12 ages. A de-ci-sion made at the per-cep-tual level---say, 
the choice of a par-tic-u-lar highlight---
 []


Package fancyhdr Warning: \headheight is too small (12.0pt): 
(fancyhdr)                Make it at least 13.59999pt, for example:
(fancyhdr)                \setlength{\headheight}{13.59999pt}.
(fancyhdr)                You might also make \topmargin smaller to compensate:

(fancyhdr)                \addtolength{\topmargin}{-1.59999pt}.

[10]
Overfull \hbox (3.75247pt too wide) in paragraph at lines 348--349
\TU/KpRoman(1)/m/n/12 the live per-for-mance case, struc-tural clo-sure is triv-
ially achieved near the beginning---
 []


Overfull \hbox (1.65239pt too wide) in paragraph at lines 358--359
[]\TU/KpRoman(1)/m/n/12 The first con-straint says the work be-gins in an un-rec
-og-nized state---the first marks
 []


Package fancyhdr Warning: \headheight is too small (12.0pt): 
(fancyhdr)                Make it at least 13.59999pt, for example:
(fancyhdr)                \setlength{\headheight}{13.59999pt}.
(fancyhdr)                You might also make \topmargin smaller to compensate:

(fancyhdr)                \addtolength{\topmargin}{-1.59999pt}.

[11]
Overfull \hbox (0.69249pt too wide) in paragraph at lines 378--379
\TU/KpRoman(1)/m/n/12 forms, over-all com-po-si-tion, dom-i-nant value structure
---is pro-jected early, while high-
 []


Overfull \hbox (5.02199pt too wide) in paragraph at lines 392--393
[]\TU/KpRoman(1)/m/n/12 Low-frequency op-er-a-tions re-duce $\TU/KpMath-Regular
.otf(1)/m/n/12 𝑆[]$ \TU/KpRoman(1)/m/n/12 slowly be-cause they es-tab-lish st
ruc-
 []


Package fancyhdr Warning: \headheight is too small (12.0pt): 
(fancyhdr)                Make it at least 13.59999pt, for example:
(fancyhdr)                \setlength{\headheight}{13.59999pt}.
(fancyhdr)                You might also make \topmargin smaller to compensate:

(fancyhdr)                \addtolength{\topmargin}{-1.59999pt}.

[12]

Package fancyhdr Warning: \headheight is too small (12.0pt): 
(fancyhdr)                Make it at least 13.59999pt, for example:
(fancyhdr)                \setlength{\headheight}{13.59999pt}.
(fancyhdr)                You might also make \topmargin smaller to compensate:

(fancyhdr)                \addtolength{\topmargin}{-1.59999pt}.

[13]
Overfull \hbox (4.8324pt too wide) in paragraph at lines 441--442
\TU/KpRoman(1)/m/n/12 end-ing of the per-for-mance and the com-ple-tion of recog
-ni-tion are si-mul-ta-ne-ous events.
 []


Package fancyhdr Warning: \headheight is too small (12.0pt): 
(fancyhdr)                Make it at least 13.59999pt, for example:
(fancyhdr)                \setlength{\headheight}{13.59999pt}.
(fancyhdr)                You might also make \topmargin smaller to compensate:

(fancyhdr)                \addtolength{\topmargin}{-1.59999pt}.

[14]

Package fancyhdr Warning: \headheight is too small (12.0pt): 
(fancyhdr)                Make it at least 13.59999pt, for example:
(fancyhdr)                \setlength{\headheight}{13.59999pt}.
(fancyhdr)                You might also make \topmargin smaller to compensate:

(fancyhdr)                \addtolength{\topmargin}{-1.59999pt}.

[15]
Overfull \hbox (8.57242pt too wide) in paragraph at lines 488--489
[]\TU/KpRoman(1)/m/n/12 Con-sider the gen-eral case. Two agents---a cre-ator and
 an ob-server, or two creators---
 []


Package fancyhdr Warning: \headheight is too small (12.0pt): 
(fancyhdr)                Make it at least 13.59999pt, for example:
(fancyhdr)                \setlength{\headheight}{13.59999pt}.
(fancyhdr)                You might also make \topmargin smaller to compensate:

(fancyhdr)                \addtolength{\topmargin}{-1.59999pt}.

[16]
Overfull \hbox (37.9605pt too wide) in paragraph at lines 515--516
\TU/KpRoman(1)/m/n/12 for the next sub-strate''---is a level-$\TU/KpMath-Regula
r.otf(1)/m/n/12 𝑘$ \TU/KpRoman(1)/m/n/12 clo-sure cri-te-rion. The painter
’s standard---``perceptually
 []


Package fancyhdr Warning: \headheight is too small (12.0pt): 
(fancyhdr)                Make it at least 13.59999pt, for example:
(fancyhdr)                \setlength{\headheight}{13.59999pt}.
(fancyhdr)                You might also make \topmargin smaller to compensate:

(fancyhdr)                \addtolength{\topmargin}{-1.59999pt}.

[17]

Package fancyhdr Warning: \headheight is too small (12.0pt): 
(fancyhdr)                Make it at least 13.59999pt, for example:
(fancyhdr)                \setlength{\headheight}{13.59999pt}.
(fancyhdr)                You might also make \topmargin smaller to compensate:

(fancyhdr)                \addtolength{\topmargin}{-1.59999pt}.

[18]
Overfull \hbox (5.10448pt too wide) in paragraph at lines 573--574
\TU/KpRoman(1)/m/n/12 The frame-work de-vel-oped here has im-pli-ca-tions be-yon
d its im-me-di-ate do-main. Three
 []


Package fancyhdr Warning: \headheight is too small (12.0pt): 
(fancyhdr)                Make it at least 13.59999pt, for example:
(fancyhdr)                \setlength{\headheight}{13.59999pt}.
(fancyhdr)                You might also make \topmargin smaller to compensate:

(fancyhdr)                \addtolength{\topmargin}{-1.59999pt}.

[19]

Package fancyhdr Warning: \headheight is too small (12.0pt): 
(fancyhdr)                Make it at least 13.59999pt, for example:
(fancyhdr)                \setlength{\headheight}{13.59999pt}.
(fancyhdr)                You might also make \topmargin smaller to compensate:

(fancyhdr)                \addtolength{\topmargin}{-1.59999pt}.

[20]
Overfull \hbox (3.02644pt too wide) in paragraph at lines 588--589
\TU/KpRoman(1)/m/n/12 pol-ish and struc-ture be-comes leg-i-ble: pol-ish-ing is $\TU/KpMath-Regular.otf(1)/m/n/12 
Δ$\TU/KpRoman(1)/m/n/12 -reduction, not $\TU/KpMath-Regular.otf(4)/m/n/12 ℳ$
\TU/KpRoman(1)/m/n/12 -determination.
 []


Overfull \hbox (0.7482pt too wide) detected at line 622
\TU/KpMath-Regular.otf(1)/m/n/12 𝑥 ∼ 𝑦  ⟺  𝑥[]𝑦[]
 []


Package fancyhdr Warning: \headheight is too small (12.0pt): 
(fancyhdr)                Make it at least 13.59999pt, for example:
(fancyhdr)                \setlength{\headheight}{13.59999pt}.
(fancyhdr)                You might also make \topmargin smaller to compensate:

(fancyhdr)                \addtolength{\topmargin}{-1.59999pt}.

[21]

Package fancyhdr Warning: \headheight is too small (12.0pt): 
(fancyhdr)                Make it at least 13.59999pt, for example:
(fancyhdr)                \setlength{\headheight}{13.59999pt}.
(fancyhdr)                You might also make \topmargin smaller to compensate:

(fancyhdr)                \addtolength{\topmargin}{-1.59999pt}.

[22]

Package fancyhdr Warning: \headheight is too small (12.0pt): 
(fancyhdr)                Make it at least 13.59999pt, for example:
(fancyhdr)                \setlength{\headheight}{13.59999pt}.
(fancyhdr)                You might also make \topmargin smaller to compensate:

(fancyhdr)                \addtolength{\topmargin}{-1.59999pt}.

[23]

Package fancyhdr Warning: \headheight is too small (12.0pt): 
(fancyhdr)                Make it at least 13.59999pt, for example:
(fancyhdr)                \setlength{\headheight}{13.59999pt}.
(fancyhdr)                You might also make \topmargin smaller to compensate:

(fancyhdr)                \addtolength{\topmargin}{-1.59999pt}.

[24]
Overfull \hbox (3.04756pt too wide) in paragraph at lines 820--821
[]\TU/KpRoman(1)/m/n/12 A script $\TU/KpMath-Regular.otf(1)/m/n/12 𝜃$ \TU/Kp
Roman(1)/m/n/12 is generator-closed if $\TU/KpMath-Regular.otf(1)/m/n/12 Φ(
𝜃) ∈ Ω[]$ \TU/KpRoman(1)/m/n/12 and small per-tur-ba-tions to $\TU/KpMath
-Regular.otf(1)/m/n/12 𝜃$\TU/KpRoman(1)/m/n/12 ---changing
 []


Overfull \hbox (19.32841pt too wide) in paragraph at lines 822--823
\TU/KpRoman(1)/m/n/12 verified---by check-ing the script against the con-straint
s, not by in-spect-ing the viewport---
 []


Package fancyhdr Warning: \headheight is too small (12.0pt): 
(fancyhdr)                Make it at least 13.59999pt, for example:
(fancyhdr)                \setlength{\headheight}{13.59999pt}.
(fancyhdr)                You might also make \topmargin smaller to compensate:

(fancyhdr)                \addtolength{\topmargin}{-1.59999pt}.

[25]

Package fancyhdr Warning: \headheight is too small (12.0pt): 
(fancyhdr)                Make it at least 13.59999pt, for example:
(fancyhdr)                \setlength{\headheight}{13.59999pt}.
(fancyhdr)                You might also make \topmargin smaller to compensate:

(fancyhdr)                \addtolength{\topmargin}{-1.59999pt}.

[26]
No file constraint_before_completion-draft.bbl.
(./constraint_before_completion-draft.aux)
 ***********
LaTeX2e <2023-11-01> patch level 1
L3 programming layer <2024-01-22>
 ***********


LaTeX Warning: There were undefined references.


LaTeX Warning: Label(s) may have changed. Rerun to get cross-references right.


Package rerunfilecheck Warning: File `constraint_before_completion-draft.out' h
as changed.
(rerunfilecheck)                Rerun to get outlines right
(rerunfilecheck)                or use package `bookmark'.

Package rerunfilecheck Info: Checksums for `constraint_before_completion-draft.
out':
(rerunfilecheck)             Before: <no file>
(rerunfilecheck)             After:  9A33F29B705C9397F30D81EC25E2FB68;8088.
)
(\end occurred when \ifx on line 13 was incomplete)

Here is how much of LuaTeX's memory you used:
 32498 strings out of 476553
 125240,1977958 words of node,token memory allocated
 726 words of node memory still in use:
   8 hlist, 2 vlist, 2 rule, 1 local_par, 4 glue, 4 kern, 1 penalty, 3 glyph, 37
 attribute, 64 glue_spec, 37 attribute_list, 2 write nodes
   avail lists: 1:3,2:885,3:350,4:86,5:633,6:47,7:7796,8:42,9:484,10:11,11:720
 53674 multiletter control sequences out of 65536+600000
 103 fonts using 22839431 bytes
 115i,16n,115p,2015b,2768s stack positions out of 10000i,1000n,20000p,200000b,200000s
</usr/share/texlive/texmf-dist/fonts/opentype/public/kpfonts-otf/KpMath-Regular.
otf></usr/share/texlive/texmf-dist/fonts/opentype/public/kpfonts-otf/KpMath-Regu
lar.otf></usr/share/texlive/texmf-dist/fonts/opentype/public/kpfonts-otf/KpMath-
Regular.otf></usr/share/texlive/texmf-dist/fonts/opentype/public/kpfonts-otf/KpM
ath-Regular.otf></usr/share/texlive/texmf-dist/fonts/opentype/public/kpfonts-otf
/KpMath-Regular.otf></usr/share/texlive/texmf-dist/fonts/opentype/public/kpfonts
-otf/KpRoman-Italic.otf></usr/share/texlive/texmf-dist/fonts/opentype/public/kpf
onts-otf/KpRoman-Bold.otf></usr/share/texlive/texmf-dist/fonts/opentype/public/k
pfonts-otf/KpRoman-Regular.otf>
Output written on constraint_before_completion-draft.pdf (26 pages, 131819 bytes
).

PDF statistics: 257 PDF objects out of 1000 (max. 8388607)
 202 compressed objects within 3 object streams
 103 named destinations out of 1000 (max. 131072)
 16 words of extra memory for PDF output out of 10000 (max. 100000000)

